countryname,city,hotelname,address,phone,rating,hoteltype,latitude,longitude
Austria,Vienna,Hotel Sacher Wien,Philharmoniker Str 4 1010 Vienna Austria,+431514560,5,luxury,48.203876,16.369789
Austria,Vienna,Grand Hotel Wien,Karntner Ring 9 1010 Vienna Austria,+431515800,5,luxury,48.20209,16.371946
Austria,Vienna,Hotel Bristol Vienna,Karntner Ring 1 1010 Vienna Austria,+431515160,5,luxury,48.202703,16.370183
Austria,Vienna,Palais Hansen Kempinski,Schottenring 24 1010 Vienna Austria,+431236100,5,luxury,48.216345,16.368435
Austria,Vienna,The Ritz-Carlton Vienna,Schubertring 5-7 1010 Vienna Austria,+431311880,5,luxury,48.202778,16.375988
Austria,Vienna,Hotel Kaiserin Elisabeth,Weihburggasse 3 1010 Vienna Austria,+431515260,4,luxury,48.207102,16.372518
Austria,Vienna,Austria Trend Hotel Savoyen,Rennweg 16 1030 Vienna Austria,+431206330,4,luxury,48.19458,16.384642
Austria,Vienna,Hotel Erzherzog Rainer,Wiedner Hauptstrasse 27 1040 Vienna Austria,+431221220,4,luxury,48.195217,16.367459
Austria,Vienna,Hotel Schani Wien,Marxergasse 17 1030 Vienna Austria,+431796040,3,economy,48.206687,16.391291
Austria,Vienna,Motel One Wien-Staatsoper,Elisabethstrasse 5 1010 Vienna Austria,+431585050,3,economy,48.201593,16.367984
Austria,Salzburg,Hotel Goldener Hirsch,Getreidegasse 37 5020 Salzburg Austria,+4366280840,5,luxury,47.799887,13.040952
Austria,Salzburg,Schloss Monchstein,Monchsberg Park 26 5020 Salzburg Austria,+4366280840,5,luxury,47.8095,13.055
Austria,Salzburg,Hotel Sacher Salzburg,Schwarzstrasse 5-7 5020 Salzburg Austria,+4366280840,5,luxury,47.8022,13.043293
Austria,Salzburg,Hotel Bristol Salzburg,Makartplatz 4 5020 Salzburg Austria,+4366280840,4,luxury,47.803227,13.043801
Austria,Salzburg,Crowne Plaza Salzburg,Rainerstrasse 6 5020 Salzburg Austria,+4366289978,4,luxury,47.807759,13.041706
Austria,Salzburg,Hotel Stein,Giselakai 3-5 5020 Salzburg Austria,+4366287434,4,luxury,47.798111,13.055535
Austria,Salzburg,Altstadthotel Weisse Taube,Kaigasse 9 5020 Salzburg Austria,+4366284240,3,economy,47.798094,13.048602
Austria,Salzburg,Hotel Hohenstauffen,Elisabethstrasse 19 5020 Salzburg Austria,+4366287200,3,economy,47.812884,13.04178
Austria,Salzburg,Arte Hotel Salzburg,Rainerstrasse 27 5020 Salzburg Austria,+4366288276,3,economy,47.811449,13.043457
Austria,Salzburg,Hotel Schwarzes Rossl,Priesterhausgasse 6 5020 Salzburg Austria,+4366287442,3,economy,47.802706,13.045615
Austria,Innsbruck,Grand Hotel Europa,Sudtiroler Platz 2 6020 Innsbruck Austria,+4351259310,5,luxury,47.264565,11.399867
Austria,Innsbruck,Hotel Innsbruck,Innrain 3 6020 Innsbruck Austria,+4351259868,4,luxury,47.267866,11.391422
Austria,Innsbruck,Romantik Hotel Schwarzer Adler,Kaiserjagerstrasse 2 6020 Innsbruck Austria,+4351258710,4,luxury,47.269221,11.399755
Austria,Innsbruck,Hotel Maximilian,Marktgraben 7-9 6020 Innsbruck Austria,+4351259967,4,luxury,47.267291,11.391866
Austria,Innsbruck,DoubleTree by Hilton Innsbruck,Salurner Strasse 15 6020 Innsbruck Austria,+4351256300,4,luxury,47.262217,11.395798
Austria,Innsbruck,Hotel Weisses Kreuz,Herzog-Friedrich-Strasse 31 6020 Innsbruck Austria,+4351259479,3,economy,47.267655,11.393534
Austria,Innsbruck,Pension Stoi,Salurner Strasse 7 6020 Innsbruck Austria,+4351258543,3,economy,47.262528,11.39766
Austria,Innsbruck,Hotel Goldener Adler,Herzog-Friedrich-Strasse 6 6020 Innsbruck Austria,+4351257111,3,economy,47.268286,11.392476
Austria,Innsbruck,ibis Innsbruck,Sterzinger Strasse 1 6020 Innsbruck Austria,+4351269900,3,economy,47.262377,11.399739
Austria,Innsbruck,Hotel Central,Gilmstrasse 5 6020 Innsbruck Austria,+4351259230,3,economy,47.265945,11.396562
Belgium,Brussels,Hotel Amigo Brussels,Rue de l Amigo 1 1000 Brussels Belgium,+3225474747,5,luxury,50.846371,4.351186
Belgium,Brussels,The Hotel Brussels,Boulevard de Waterloo 38 1000 Brussels Belgium,+3225043111,5,luxury,50.837247,4.357612
Belgium,Brussels,Steigenberger Wiltchers,Avenue Louise 71 1050 Brussels Belgium,+3225428742,5,luxury,50.832487,4.357508
Belgium,Brussels,Hotel Metropole,Place de Brouckere 31 1000 Brussels Belgium,+3222172300,4,luxury,50.851602,4.35349
Belgium,Brussels,Radisson Collection Grand Place,Rue du Fosse aux Loups 47 1000 Brussels Belgium,+3222192828,4,luxury,50.849624,4.356447
Belgium,Brussels,Sofitel Brussels Le Louise,Avenue de la Toison d Or 40 1050 Brussels Belgium,+3224254100,4,luxury,50.83623,4.357184
Belgium,Brussels,NH Collection Brussels Centre,Boulevard Adolphe Max 7 1000 Brussels Belgium,+3222191919,4,luxury,50.8522,4.354135
Belgium,Brussels,Hotel Bloom,Rue Royale 250 1210 Brussels Belgium,+3222203345,3,economy,50.855209,4.36656
Belgium,Brussels,ibis Brussels Centre Saint-Catherine,Rue Joseph Plateau 2 1000 Brussels Belgium,+3225130076,3,economy,50.850561,4.349269
Belgium,Brussels,Hotel Porte de Namur,Rue de Namur 24 1000 Brussels Belgium,+3225110028,3,economy,50.840739,4.359851
Belgium,Bruges,Hotel Dukes Palace,Prinsenhof 8 8000 Bruges Belgium,+3250447888,5,luxury,51.20849,3.220269
Belgium,Bruges,Die Swaene,Steenhouwersdijk 1 8000 Bruges Belgium,+3250342798,5,luxury,51.20833,3.228578
Belgium,Bruges,Hotel Heritage,Niklaas Desparsstraat 11 8000 Bruges Belgium,+3250444444,4,luxury,51.209943,3.223778
Belgium,Bruges,Relais Bourgondisch Cruyce,Wollestraat 41 8000 Bruges Belgium,+3250337926,4,luxury,51.207503,3.226959
Belgium,Bruges,Hotel Navarra,Sint-Jakobsstraat 41 8000 Bruges Belgium,+3250340561,4,luxury,51.210098,3.220819
Belgium,Bruges,Hotel Jan Brito,Freren Fonteinstraat 1 8000 Bruges Belgium,+3250333601,3,economy,51.208137,3.230136
Belgium,Bruges,Hotel Ter Brughe,Oost-Gistelhof 2 8000 Bruges Belgium,+3250340324,3,economy,51.213412,3.225685
Belgium,Bruges,Hotel Cordoeanier,Cordoeaniersstraat 16 8000 Bruges Belgium,+3250339051,3,economy,51.210074,3.226042
Belgium,Bruges,Novotel Bruges Centrum,Katelijnestraat 65 8000 Bruges Belgium,+3250335702,3,economy,51.202296,3.226554
Belgium,Bruges,Hotel Aragon,Naaldenstraat 22 8000 Bruges Belgium,+3250333533,3,economy,51.210709,3.222307
Belgium,Antwerp,Hotel Julien,Korte Nieuwstraat 24 2000 Antwerp Belgium,+3232290600,5,luxury,51.220195,4.403967
Belgium,Antwerp,Radisson Blu Astrid Hotel,Koningin Astridplein 7 2018 Antwerp Belgium,+3232031234,5,luxury,51.219261,4.421353
Belgium,Antwerp,Hilton Antwerp Old Town,Groenplaats 32 2000 Antwerp Belgium,+3232041212,4,luxury,51.219276,4.402209
Belgium,Antwerp,Hotel Indigo Antwerp City Centre,Lange Herentalsestraat 39 2018 Antwerp Belgium,+3232352323,4,luxury,51.215023,4.417705
Belgium,Antwerp,Matelote Hotel,Haarstraat 11 2000 Antwerp Belgium,+3232010888,4,luxury,51.220481,4.39814
Belgium,Antwerp,Hotel Lindner,Lange Winkelhaakstraat 12 2060 Antwerp Belgium,+3232271800,4,luxury,51.219096,4.423096
Belgium,Antwerp,Mercure Antwerp City Centre,Mechelsesteenweg 43 2018 Antwerp Belgium,+3232038990,3,economy,51.209158,4.408687
Belgium,Antwerp,ibis Antwerp Centrum,Meistraat 39 2000 Antwerp Belgium,+3232316060,3,economy,51.214908,4.41107
Belgium,Antwerp,Hotel Docklands,Kempisch Dok Westkaai 84 2020 Antwerp Belgium,+3232310200,3,economy,51.2194,4.4025
Belgium,Antwerp,Hotel Rubenshof,Amerikalei 115 2000 Antwerp Belgium,+3232370789,3,economy,51.20633,4.396058
Czech Republic,Prague,Four Seasons Hotel Prague,Veleslavinova 2a 110 00 Prague Czech Republic,+420000000000,5,luxury,50.08771,14.414537
Czech Republic,Prague,Hotel Mandarin Oriental Prague,Nebovidska 459 118 00 Prague Czech Republic,+420000000000,5,luxury,50.08472,14.405461
Czech Republic,Prague,The Emblem Hotel,Platnerska 19 110 00 Prague Czech Republic,+420000000000,5,luxury,50.087577,14.418502
Czech Republic,Prague,Hotel Paris Prague,U Obecniho domu 1 110 00 Prague Czech Republic,+420000000000,5,luxury,50.088114,14.427459
Czech Republic,Prague,Augustine a Luxury Collection Hotel,Letenska 33 118 00 Prague Czech Republic,+420000000000,5,luxury,50.089087,14.406881
Czech Republic,Prague,Radisson Blu Alcron Hotel,Stepanska 40 110 00 Prague Czech Republic,+420000000000,4,luxury,50.080077,14.426401
Czech Republic,Prague,InterContinental Prague,Namesti Curieovych 5 110 00 Prague Czech Republic,+420000000000,4,luxury,50.091979,14.418831
Czech Republic,Prague,Hotel Yasmin,Politickych veznu 12 110 00 Prague Czech Republic,+420000000000,4,luxury,50.08231,14.42987
Czech Republic,Prague,Mosaic House,Odboru 4 120 00 Prague Czech Republic,+420000000000,3,economy,50.07748,14.417932
Czech Republic,Prague,ibis Praha Mala Strana,Hrzanova 4 150 00 Prague Czech Republic,+420000000000,3,economy,50.0755,14.4378
Czech Republic,Brno,Hotel International Brno,Husova 16 602 00 Brno Czech Republic,+421000000000,4,luxury,49.19498,16.605483
Czech Republic,Brno,Grandezza Hotel,Silingrovo namesti 2 602 00 Brno Czech Republic,+421000000000,4,luxury,49.192203,16.605607
Czech Republic,Brno,Hotel Marriott Brno,Veveri 57 602 00 Brno Czech Republic,+421000000000,4,luxury,49.2032,16.596898
Czech Republic,Brno,Barcelo Brno Palace,Silingrovo namesti 2 602 00 Brno Czech Republic,+421000000000,4,luxury,49.192203,16.605607
Czech Republic,Brno,Hotel Voronez,Krizkovskeho 47 603 00 Brno Czech Republic,+421000000000,3,economy,49.185649,16.585344
Czech Republic,Brno,Hotel Slavia,Solnicni 15 602 00 Brno Czech Republic,+421000000000,3,economy,49.196244,16.604824
Czech Republic,Brno,NH Hotel Brno,Kridlovicka 20 603 00 Brno Czech Republic,+421000000000,3,economy,49.187834,16.598999
Czech Republic,Brno,Hotel Vista,Stefanikova 20 602 00 Brno Czech Republic,+421000000000,3,economy,49.209535,16.603523
Czech Republic,Brno,Hotel Astoria,Novobranská 17 602 00 Brno Czech Republic,+421000000000,3,economy,49.19474,16.612892
Czech Republic,Brno,Pytloun Brno Hotel,Lidicka 69 658 12 Brno Czech Republic,+421000000000,3,economy,49.206167,16.604905
Czech Republic,Karlovy Vary,Grandhotel Pupp,Mirove namesti 2 360 01 Karlovy Vary Czech Republic,+420000000000,5,luxury,50.220021,12.878562
Czech Republic,Karlovy Vary,Hotel Embassy,Nova Louka 21 360 01 Karlovy Vary Czech Republic,+420000000000,4,luxury,50.220322,12.880028
Czech Republic,Karlovy Vary,Spa Hotel Imperial,Libusina 18 360 01 Karlovy Vary Czech Republic,+420000000000,4,luxury,50.219581,12.886599
Czech Republic,Karlovy Vary,Spa Hotel Thermal,IP Pavlova 11 360 01 Karlovy Vary Czech Republic,+420000000000,3,economy,50.2314,12.871
Czech Republic,Karlovy Vary,Hotel Romance Puskin,Trziste 37 360 01 Karlovy Vary Czech Republic,+420000000000,3,economy,50.222537,12.882613
Czech Republic,Karlovy Vary,Hotel Astoria Karlovy Vary,Vridleni 62 360 01 Karlovy Vary Czech Republic,+420000000000,3,economy,50.2314,12.871
Czech Republic,Karlovy Vary,Hotel Malta,Stara Louka 48 360 01 Karlovy Vary Czech Republic,+420000000000,3,economy,50.221082,12.879837
Czech Republic,Karlovy Vary,Wellness Hotel Jean de Carro,Sadova 3 360 01 Karlovy Vary Czech Republic,+420000000000,4,luxury,50.226618,12.879299
Czech Republic,Karlovy Vary,Hotel Dvorak,Nova Louka 11 360 01 Karlovy Vary Czech Republic,+420000000000,4,luxury,50.220602,12.880357
Czech Republic,Karlovy Vary,Hotel Prezident,Tyrsova 1 360 01 Karlovy Vary Czech Republic,+420000000000,4,luxury,50.223344,12.889602
Denmark,Copenhagen,Hotel d Angleterre,Kongens Nytorv 34 1050 Copenhagen Denmark,+4533120095,5,luxury,55.680596,12.584668
Denmark,Copenhagen,The Nimb Hotel,Bernstorffsgade 5 1577 Copenhagen Denmark,+4588700000,5,luxury,55.673606,12.566004
Denmark,Copenhagen,Marriott Copenhagen,Kalvebod Brygge 5 1560 Copenhagen Denmark,+4588336000,5,luxury,55.668826,12.574042
Denmark,Copenhagen,Hotel SP34,Sankt Peders Straede 34 1453 Copenhagen Denmark,+4533131300,4,luxury,55.678827,12.567178
Denmark,Copenhagen,Radisson Collection Royal Hotel,Hammerichsgade 1 1611 Copenhagen Denmark,+4533426000,4,luxury,55.674913,12.563771
Denmark,Copenhagen,Scandic Palace Hotel,Radhuspladsen 57 1550 Copenhagen Denmark,+4533144050,4,luxury,55.676269,12.570164
Denmark,Copenhagen,Hotel Alexandra,HC Andersens Boulevard 8 1553 Copenhagen Denmark,+4533740800,3,economy,55.6761,12.5683
Denmark,Copenhagen,Generator Copenhagen,Adelgade 5-7 1304 Copenhagen Denmark,+4578757600,3,economy,55.684199,12.58386
Denmark,Copenhagen,ibis Copenhagen City,Vester Farimagsgade 33 1606 Copenhagen Denmark,+4533138640,3,economy,55.678519,12.56251
Denmark,Copenhagen,Axel Guldsmeden,Helgolandsgade 11 1653 Copenhagen Denmark,+4570211122,3,economy,55.672161,12.561368
Denmark,Aarhus,Hotel Ferdinand,Aboulevarden 28 8000 Aarhus Denmark,+4586120955,4,luxury,56.155093,10.210524
Denmark,Aarhus,Radisson Blu Scandinavia Hotel Aarhus,Margrethepladsen 1 8000 Aarhus Denmark,+4586124122,4,luxury,56.1629,10.2039
Denmark,Aarhus,Hotel Oasia Aarhus City,Kriegersvej 27 8000 Aarhus Denmark,+4587328600,4,luxury,56.149869,10.200327
Denmark,Aarhus,Comwell Aarhus,Vaerkmestergade 2 8000 Aarhus Denmark,+4586728000,3,economy,56.150284,10.209292
Denmark,Aarhus,Scandic City Aarhus,Banegardspladsen 4 8100 Aarhus Denmark,+4587322600,3,economy,56.150972,10.205089
Denmark,Aarhus,Hotel Ritz Aarhus City,Banegardspladsen 12 8100 Aarhus Denmark,+4586134444,3,economy,56.150993,10.203441
Denmark,Aarhus,Hotel Guldsmedgade,Guldsmedgade 40 8000 Aarhus Denmark,+4586138045,3,economy,56.160025,10.207916
Denmark,Aarhus,Wakeup Aarhus,MP Bruuns Gade 27 8000 Aarhus Denmark,+4544800100,3,economy,56.1629,10.2039
Denmark,Aarhus,Hotel Aarhus City,Fredensgade 6-7 8000 Aarhus Denmark,+4587120000,3,economy,56.151651,10.207856
Denmark,Aarhus,Hotel Marselis,Strandvejen 25 8000 Aarhus Denmark,+4586142100,3,economy,56.126777,10.214872
Denmark,Odense,First Hotel Grand Odense,Jernbanegade 18 5000 Odense Denmark,+4566118371,4,luxury,55.397106,10.385074
Denmark,Odense,Radisson Blu HC Andersen Hotel,Claus Bergs Gade 7 5000 Odense Denmark,+4566140800,4,luxury,55.398903,10.392434
Denmark,Odense,Hotel Ansgar,Ostre Stationsvej 32 5000 Odense Denmark,+4566117622,3,economy,55.399757,10.381816
Denmark,Odense,Comwell HC Andersen Odense,Claus Bergs Gade 7 5000 Odense Denmark,+4566140800,3,economy,55.398903,10.392434
Denmark,Odense,Hotel Domir,Jernbanegade 9 5000 Odense Denmark,+4566120227,3,economy,55.396902,10.385813
Denmark,Odense,City Hotel Odense,Hans Mulesgade 5 5000 Odense Denmark,+4566125814,3,economy,55.4038,10.4024
Denmark,Odense,Hotel Windsor,Vindegade 45 5000 Odense Denmark,+4566121552,3,economy,55.398293,10.382999
Denmark,Odense,ibis Odense,Oster Stationsvej 24 5000 Odense Denmark,+4563140000,3,economy,55.4038,10.4024
Denmark,Odense,Hotel Billingsgaard,Billingsgade 3 5000 Odense Denmark,+4566155300,3,economy,55.4038,10.4024
Denmark,Odense,Scandic Ornen,Lars Hillesgate 18 5008 Odense Denmark,+4555539000,3,economy,55.4038,10.4024
Finland,Helsinki,Hotel Kamp,Pohjoisesplanadi 29 00100 Helsinki Finland,+3589576111,5,luxury,60.167916,24.94699
Finland,Helsinki,Scandic Grand Central Helsinki,Vilhonkatu 13 00100 Helsinki Finland,+3589405620,5,luxury,60.172072,24.942269
Finland,Helsinki,Klaus K Hotel,Bulevardi 2-4 00120 Helsinki Finland,+3582077047,4,luxury,60.166297,24.943047
Finland,Helsinki,Hilton Helsinki Strand,John Stenbergin ranta 4 00530 Helsinki Finland,+3589393510,4,luxury,60.177075,24.951442
Finland,Helsinki,Radisson Blu Royal Hotel Helsinki,Runeberginkatu 2 00100 Helsinki Finland,+3589695800,4,luxury,60.167869,24.929109
Finland,Helsinki,Sokos Hotel Presidentti,Etelainen Rautatiekatu 4 00100 Helsinki Finland,+3582012346,4,luxury,60.170598,24.932607
Finland,Helsinki,Hotel Indigo Helsinki,Bulevardi 26 00120 Helsinki Finland,+3589374442,4,luxury,60.163942,24.936331
Finland,Helsinki,Hotel Haven,Unioninkatu 17 00130 Helsinki Finland,+3589681193,5,luxury,60.166533,24.951695
Finland,Helsinki,Omena Hotel Helsinki City,Yrjonkatu 30 00100 Helsinki Finland,+3586005552,3,economy,60.167691,24.937776
Finland,Helsinki,ibis Helsinki City,Runeberginkatu 7 00100 Helsinki Finland,+3589430250,3,economy,60.178436,24.922842
Finland,Tampere,Lapland Hotels Tampere,Yliopistonkatu 44 33100 Tampere Finland,+3581060007,5,luxury,61.497787,23.779431
Finland,Tampere,Scandic Tampere Station,Ratapihankatu 43 33100 Tampere Finland,+3589680840,4,luxury,61.496931,23.775885
Finland,Tampere,Radisson Blu Hotel Tampere,Hatanpaan Valtatie 1 33100 Tampere Finland,+3583726310,4,luxury,61.495837,23.766973
Finland,Tampere,Hotel Torni Tampere,Pellavatehtaankatu 1 33100 Tampere Finland,+3582079982,4,luxury,61.497778,23.767126
Finland,Tampere,Sokos Hotel Tammer,Satakunnankatu 13 33100 Tampere Finland,+3582012346,4,luxury,61.500981,23.765816
Finland,Tampere,Hotel Victoria,Itsenaisyydenkatu 1 33100 Tampere Finland,+3583324511,3,economy,61.498919,23.772223
Finland,Tampere,Dream Hostel Hotel,Akerlundinkatu 2 33100 Tampere Finland,+3584437737,3,economy,61.496136,23.77928
Finland,Tampere,Hotel Alma,Tuomiokirkonkatu 19 33100 Tampere Finland,+3581023507,3,economy,61.497884,23.770278
Finland,Tampere,ibis Tampere City,Akerlundinkatu 12 33100 Tampere Finland,+3583252530,3,economy,61.495978,23.775848
Finland,Tampere,Cumulus City Tampere,Koskikatu 5 33100 Tampere Finland,+3581074331,3,economy,61.498903,23.765735
Finland,Turku,Hotel Kakola,Kakola 1 20720 Turku Finland,+3582445860,5,luxury,60.445496,22.24523
Finland,Turku,Radisson Blu Marina Palace Hotel,Linnankatu 32 20100 Turku Finland,+3582236660,5,luxury,60.446601,22.260337
Finland,Turku,Scandic Julia,Eerikinkatu 4 20100 Turku Finland,+3589680841,4,luxury,60.452155,22.272292
Finland,Turku,Sokos Hotel Hamburger Bors,Kauppiaskatu 6 20100 Turku Finland,+3582012346,4,luxury,60.450937,22.268474
Finland,Turku,Park Hotel Turku,Rauhankatu 1 20100 Turku Finland,+3582273696,3,economy,60.452666,22.257291
Finland,Turku,Hotel Seaport,Matkustajasatama 2 20100 Turku Finland,+3582435430,3,economy,60.4518,22.2666
Finland,Turku,Centro Hotel Turku,Yliopistonkatu 12A 20100 Turku Finland,+3582273101,3,economy,60.453219,22.271299
Finland,Turku,Hotel Cumulus Turku,Eerikinkatu 28 20100 Turku Finland,+3581074335,3,economy,60.448049,22.259591
Finland,Turku,Solo Sokos Hotel Turun Seurahuone,Humalistonkatu 2 20100 Turku Finland,+3582012346,4,luxury,60.449013,22.261184
Finland,Turku,Hotel Aura,Humalistonkatu 7 20100 Turku Finland,+3582233130,3,economy,60.451438,22.258277
France,Paris,Hotel Ritz Paris,15 Place Vendome 75001 Paris France,+3314316303,5,luxury,48.867951,2.328898
France,Paris,Le Bristol Paris,112 Rue du Faubourg Saint-Honore 75008 Paris France,+3315343430,5,luxury,48.871671,2.314767
France,Paris,Four Seasons Hotel George V,31 Avenue George V 75008 Paris France,+3314952720,5,luxury,48.868784,2.300677
France,Paris,Hotel Le Meurice,228 Rue de Rivoli 75001 Paris France,+3314458101,5,luxury,48.865145,2.328077
France,Paris,Park Hyatt Paris-Vendome,5 Rue de la Paix 75002 Paris France,+3315871123,5,luxury,48.869023,2.330489
France,Paris,Hotel de Crillon,10 Place de la Concorde 75008 Paris France,+3314471242,5,luxury,48.867622,2.321366
France,Paris,InterContinental Paris Le Grand,2 Rue Scribe 75009 Paris France,+3314007323,4,luxury,48.870738,2.330241
France,Paris,Hotel Lutetia,45 Boulevard Raspail 75006 Paris France,+3314954464,4,luxury,48.850915,2.327215
France,Paris,Hotel de Nell,9 Rue du Conservatoire 75009 Paris France,+3314483438,4,luxury,48.873271,2.346798
France,Paris,ibis Paris Tour Eiffel,2 Rue Cambronne 75015 Paris France,+3314060150,3,economy,48.844046,2.30234
France,Lyon,Sofitel Lyon Bellecour,20 Quai Gailleton 69002 Lyon France,+3347412020,5,luxury,45.754452,4.834275
France,Lyon,Cour des Loges,6 Rue du Boeuf 69005 Lyon France,+3347277254,5,luxury,45.763269,4.827429
France,Lyon,Villa Maia,8 Rue du Professeur Pierre Marion 69005 Lyon France,+3347816100,5,luxury,45.764,4.8357
France,Lyon,Radisson Blu Hotel Lyon,129 Rue Servient 69003 Lyon France,+3347634747,4,luxury,45.761069,4.853755
France,Lyon,Marriott Lyon Cite Internationale,70 Quai Charles de Gaulle 69006 Lyon France,+3347179270,4,luxury,45.784865,4.852921
France,Lyon,Novotel Lyon Centre Perrache,12 Cours de Verdun 69002 Lyon France,+3347755500,4,luxury,45.749415,4.824488
France,Lyon,Hotel Carlton Lyon,4 Rue Jussieu 69002 Lyon France,+3347425651,4,luxury,45.761034,4.836677
France,Lyon,ibis Lyon Centre Perrache,28 Cours de Verdun 69002 Lyon France,+3347422042,3,economy,45.748493,4.828075
France,Lyon,Ibis Budget Lyon Caluire,5 Rue Ballanche 69300 Lyon France,+3347232818,3,economy,45.764,4.8357
France,Lyon,B and B Hotel Lyon Centre,34 Cours de Verdun 69002 Lyon France,+3347371919,3,economy,45.74818,4.829051
France,Nice,Hotel Negresco,37 Promenade des Anglais 06000 Nice France,+3347316640,5,luxury,43.694497,7.258402
France,Nice,Hyatt Regency Nice Palais de la Mediterranee,13 Promenade des Anglais 06000 Nice France,+3347277312,5,luxury,43.695378,7.262973
France,Nice,Radisson Blu Hotel Nice,223 Promenade des Anglais 06200 Nice France,+3349717710,5,luxury,43.684336,7.235825
France,Nice,Sofitel Nice Centre,2 Rue Halery 06000 Nice France,+3347207000,4,luxury,43.7102,7.262
France,Nice,Boscolo Exedra Nice,12 Boulevard Victor Hugo 06000 Nice France,+3347037700,4,luxury,43.699981,7.265698
France,Nice,Hotel Massena Nice,58 Rue Gioffredo 06000 Nice France,+3347477000,4,luxury,43.6986,7.271072
France,Nice,Best Western Hotel de France,17 Rue de France 06000 Nice France,+3347388006,3,economy,43.696372,7.263578
France,Nice,ibis Nice Vieux Nice Port,3 Rue Paganini 06300 Nice France,+3349200198,3,economy,43.701827,7.263887
France,Nice,Hotel Windsor Nice,11 Rue Dalpozzo 06000 Nice France,+3347885593,3,economy,43.697816,7.261385
France,Nice,Hotel Vendome Nice,26 Rue Pastorelli 06000 Nice France,+3347626200,3,economy,43.701074,7.271408
Germany,Berlin,Hotel Adlon Kempinski,Unter den Linden 77 10117 Berlin Germany,+4930226100,5,luxury,52.515576,13.38007
Germany,Berlin,The Ritz-Carlton Berlin,Potsdamer Platz 3 10785 Berlin Germany,+4930337770,5,luxury,52.510365,13.375331
Germany,Berlin,Regent Berlin,Charlottenstrasse 49 10117 Berlin Germany,+4930203380,5,luxury,52.515293,13.390743
Germany,Berlin,Sofitel Berlin Kurfurstendamm,Augsburger Strasse 41 10789 Berlin Germany,+4930800999,4,luxury,52.502505,13.331793
Germany,Berlin,Hilton Berlin,Mohrenstrasse 30 10117 Berlin Germany,+4930202300,4,luxury,52.512103,13.392539
Germany,Berlin,NH Collection Berlin Mitte,Mohrenstrasse 33 10117 Berlin Germany,+4930207620,4,luxury,52.512287,13.394204
Germany,Berlin,Radisson Blu Hotel Berlin,Karl-Liebknecht-Strasse 3 10178 Berlin Germany,+4930238280,4,luxury,52.519344,13.4025
Germany,Berlin,Meininger Hotel Berlin Alexanderplatz,Karl-Liebknecht-Strasse 32 10178 Berlin Germany,+4930663650,3,economy,52.524974,13.414109
Germany,Berlin,ibis Hotel Berlin Mitte,Prenzlauer Allee 149 10409 Berlin Germany,+4930443280,3,economy,52.548314,13.428476
Germany,Berlin,Generator Berlin Prenzlauer Berg,Storkower Strasse 160 10407 Berlin Germany,+4930417240,3,economy,52.529765,13.455522
Germany,Munich,Hotel Bayerischer Hof,Promenadeplatz 2-6 80333 Munich Germany,+4989212000,5,luxury,48.140556,11.572699
Germany,Munich,Hotel Vier Jahreszeiten Kempinski,Maximilianstrasse 17 80539 Munich Germany,+4989212500,5,luxury,48.139168,11.581965
Germany,Munich,The Charles Hotel Munich,Sophienstrasse 28 80333 Munich Germany,+4989544155,5,luxury,48.142892,11.562518
Germany,Munich,Mandarin Oriental Munich,Neuturmstrasse 1 80331 Munich Germany,+4989290998,5,luxury,48.137299,11.580733
Germany,Munich,Hilton Munich City,Rosenheimer Strasse 15 81667 Munich Germany,+4989480400,4,luxury,48.129811,11.592725
Germany,Munich,Sofitel Munich Bayerpost,Bayerstrasse 12 80335 Munich Germany,+4989599480,4,luxury,48.139531,11.556798
Germany,Munich,InterContinental Munich,Bayerstrasse 12 80335 Munich Germany,+4989122200,4,luxury,48.139531,11.556798
Germany,Munich,Motel One Munchen-Sendlinger Tor,Herzog-Wilhelm-Strasse 28 80331 Munich Germany,+4989517775,3,economy,48.134726,11.566876
Germany,Munich,ibis Munchen City,Dachauer Strasse 21 80335 Munich Germany,+4989553581,3,economy,48.144043,11.559594
Germany,Munich,Meininger Hotel Munich City Center,Landsberger Strasse 20 80339 Munich Germany,+4989552747,3,economy,48.139977,11.545324
Germany,Hamburg,Hotel Atlantic Kempinski,An der Alster 72-79 20099 Hamburg Germany,+4940288800,5,luxury,53.557016,10.004413
Germany,Hamburg,The Fontenay Hamburg,Fontenay 10 20354 Hamburg Germany,+4940605660,5,luxury,53.565404,9.998299
Germany,Hamburg,Fairmont Hotel Vier Jahreszeiten,Neuer Jungfernstieg 9-14 20354 Hamburg Germany,+4940349400,5,luxury,53.555541,9.99152
Germany,Hamburg,Empire Riverside Hotel,Bernhard-Nocht-Strasse 97 20359 Hamburg Germany,+4940311190,4,luxury,53.547215,9.963285
Germany,Hamburg,Radisson Blu Hotel Hamburg,Marseiller Strasse 2 20355 Hamburg Germany,+4940350200,4,luxury,53.5753,10.0153
Germany,Hamburg,Sofitel Hamburg Alter Wall,Alter Wall 40 20457 Hamburg Germany,+4940369500,4,luxury,53.549596,9.988025
Germany,Hamburg,Lindner Hotel Hamburg Parkhotel,Moorweidenstrasse 34 20146 Hamburg Germany,+4940414000,4,luxury,53.563978,9.987228
Germany,Hamburg,ibis Hamburg Alsterring,Alsterring 16 22297 Hamburg Germany,+4940697960,3,economy,53.5753,10.0153
Germany,Hamburg,Generator Hamburg,Steintorplatz 3 20099 Hamburg Germany,+4940226358,3,economy,53.552887,10.009284
Germany,Hamburg,Meininger Hotel Hamburg City Center,Goetheallee 11 22765 Hamburg Germany,+4940357176,3,economy,53.554602,9.937974
Greece,Athens,Hotel Grande Bretagne,Constitution Square 10563 Athens Greece,+3021033300,5,luxury,37.9838,23.7275
Greece,Athens,King George Hotel,3 Vasileos Georgiou 10564 Athens Greece,+3021032206,5,luxury,37.976322,23.734939
Greece,Athens,Electra Metropolis Athens,15 Mitropoleos Street 10557 Athens Greece,+3021039070,5,luxury,37.9838,23.7275
Greece,Athens,Hilton Athens,46 Vas Sofias Avenue 11528 Athens Greece,+3021072810,4,luxury,37.9838,23.7275
Greece,Athens,Radisson Blu Park Hotel Athens,10 Alexandras Avenue 10682 Athens Greece,+3021088945,4,luxury,37.9838,23.7275
Greece,Athens,NJV Athens Plaza Hotel,2 Vasileos Georgiou 10564 Athens Greece,+3021033524,4,luxury,37.97632,23.734669
Greece,Athens,Hotel Intercontinental Athens,89-93 Syngrou Avenue 11745 Athens Greece,+3021092060,4,luxury,37.9838,23.7275
Greece,Athens,The Athens Gate Hotel,10 Syngrou Avenue 11742 Athens Greece,+3021092383,3,economy,37.96288,23.724706
Greece,Athens,Ava Hotel Athens,9-11 Lysikratous Str 10558 Athens Greece,+3021032590,3,economy,37.9838,23.7275
Greece,Athens,ibis Athens City,59-61 Stadiou Str 10431 Athens Greece,+3021032363,3,economy,37.9838,23.7275
Greece,Thessaloniki,Makedonia Palace Hotel,2 Megalou Alexandrou Avenue 54640 Thessaloniki Greece,+3023108971,5,luxury,40.6401,22.9444
Greece,Thessaloniki,The Met Hotel,26th October Street 48 54628 Thessaloniki Greece,+3023108171,5,luxury,40.6401,22.9444
Greece,Thessaloniki,Hyatt Regency Thessaloniki,13th Kilometer Thessaloniki-Peraia 57001 Thessaloniki Greece,+3023104012,5,luxury,40.6401,22.9444
Greece,Thessaloniki,Electra Palace Thessaloniki,9 Plateia Aristotelous 54624 Thessaloniki Greece,+3023102940,4,luxury,40.632338,22.940902
Greece,Thessaloniki,Capsis Hotel Thessaloniki,18 Monastiriou Street 54629 Thessaloniki Greece,+3023105213,4,luxury,40.6401,22.9444
Greece,Thessaloniki,Best Western Thessaloniki,14 Komninon Street 54624 Thessaloniki Greece,+3023102583,3,economy,40.6401,22.9444
Greece,Thessaloniki,Hotel Excelsior,Komninon 4 54624 Thessaloniki Greece,+3023102248,3,economy,40.58601,22.945911
Greece,Thessaloniki,Hotel Olympia,2 Egnatia Street 54625 Thessaloniki Greece,+3023102354,3,economy,40.599316,22.985971
Greece,Thessaloniki,ibis Styles Thessaloniki,41 Egnatia Street 54630 Thessaloniki Greece,+3023105285,3,economy,40.599316,22.985971
Greece,Thessaloniki,Tourist Hotel Thessaloniki,21 Mitropoleos Street 54624 Thessaloniki Greece,+3023102705,3,economy,40.62851,22.94832
Greece,Santorini,Canaves Oia Epitome,Oia 84702 Santorini Greece,+3022860714,5,luxury,36.462212,25.375726
Greece,Santorini,Grace Hotel Santorini,Imerovigli 84700 Santorini Greece,+3022860233,5,luxury,36.432558,25.422831
Greece,Santorini,Mystique a Luxury Collection Hotel,Oia 84702 Santorini Greece,+3022860711,5,luxury,36.462212,25.375726
Greece,Santorini,Andronis Concept Wellness Resort,Oia 84702 Santorini Greece,+3022860720,5,luxury,36.462212,25.375726
Greece,Santorini,Katikies Hotel,Oia 84702 Santorini Greece,+3022860714,5,luxury,36.462212,25.375726
Greece,Santorini,Santo Wines Winery Hotel,Pyrgos 84700 Santorini Greece,+3022860225,4,luxury,36.384406,25.444112
Greece,Santorini,Hotel Aressana Spa,Fira Square 84700 Santorini Greece,+3022860224,4,luxury,36.417931,25.432664
Greece,Santorini,Athina Luxury Suites,Fira 84700 Santorini Greece,+3022860258,4,luxury,36.414923,25.432453
Greece,Santorini,Hotel Keti,Agiou Mina Street Fira 84700 Santorini Greece,+3022860223,3,economy,36.3932,25.4615
Greece,Santorini,Apartments Afroessa,Fira 84700 Santorini Greece,+3022860221,3,economy,36.414923,25.432453
Hungary,Budapest,Four Seasons Hotel Gresham Palace,Roosevelt ter 5-6 1051 Budapest Hungary,+3612681000,5,luxury,47.499817,19.047909
Hungary,Budapest,Kempinski Hotel Corvinus Budapest,Erzsebet ter 7-8 1051 Budapest Hungary,+3614294777,5,luxury,47.497031,19.052083
Hungary,Budapest,Parisi Udvar Hotel Budapest,Ferenciek tere 10 1053 Budapest Hungary,+3618099000,5,luxury,47.493227,19.054943
Hungary,Budapest,Prestige Hotel Budapest,Vigyazo Ferenc utca 5 1051 Budapest Hungary,+3619200700,5,luxury,47.500896,19.048476
Hungary,Budapest,Marriott Budapest,Apaczai Csere Janos utca 4 1052 Budapest Hungary,+3614865000,4,luxury,47.494871,19.049427
Hungary,Budapest,Corinthia Hotel Budapest,Erzsebet korut 43-49 1073 Budapest Hungary,+3614794000,5,luxury,47.502758,19.067089
Hungary,Budapest,Radisson Blu Beke Hotel,Terez korut 43 1067 Budapest Hungary,+3618898900,4,luxury,47.508471,19.060094
Hungary,Budapest,Mercure Budapest Buda,Krisztina korut 41-43 1013 Budapest Hungary,+3614882100,4,luxury,47.498746,19.026788
Hungary,Budapest,ibis Budapest City,Raday utca 6 1092 Budapest Hungary,+3614561300,3,economy,47.488701,19.062405
Hungary,Budapest,Hotel Memories Old Town Budapest,Szentkiralyi utca 15 1088 Budapest Hungary,+3612660890,3,economy,47.492986,19.065034
Hungary,Debrecen,Aquaticum Debrecen Hotel,Nagyerdei Park 1 4032 Debrecen Hungary,+3652514100,4,luxury,47.552238,21.629783
Hungary,Debrecen,Hotel Golden Bull,Beke utca 6 4024 Debrecen Hungary,+3652416777,3,economy,47.5316,21.6273
Hungary,Debrecen,Hotel Divinus,Nagyerdei Park 2 4032 Debrecen Hungary,+3652300200,4,luxury,47.549675,21.629265
Hungary,Debrecen,Mercure Hotel Debrecen,Csapo utca 45 4024 Debrecen Hungary,+3652520820,4,luxury,47.533169,21.631237
Hungary,Debrecen,ibis Debrecen City,Kossuth ter 4 4024 Debrecen Hungary,+3652310500,3,economy,47.531754,21.624377
Hungary,Debrecen,Hotel Gambrinus,Kossuth utca 4 4024 Debrecen Hungary,+3652529029,3,economy,47.530139,21.633632
Hungary,Debrecen,Hotel Pension Citadella,Peterfia utca 37 4032 Debrecen Hungary,+3652449999,3,economy,47.53688,21.625986
Hungary,Debrecen,Sunway Hotel Debrecen,Csokonai utca 4 4024 Debrecen Hungary,+3652340111,3,economy,47.531832,21.620646
Hungary,Debrecen,Alfa Hotel Debrecen,Hunyadi utca 1 4024 Debrecen Hungary,+3652418155,3,economy,47.533991,21.622144
Hungary,Debrecen,Hotel CastleGarden,Dosa Gyorgy utca 1 4032 Debrecen Hungary,+3652532022,3,economy,47.5316,21.6273
Iceland,Reykjavik,ION Adventure Hotel,Nesjavellir 801 Reykjavik Iceland,+3544823415,5,luxury,64.1355,-21.8954
Iceland,Reykjavik,Hotel Borg,Posthusstraeti 11 101 Reykjavik Iceland,+3545511440,5,luxury,64.14739,-21.93873
Iceland,Reykjavik,101 Hotel,Hverfisgata 10 101 Reykjavik Iceland,+3545800101,5,luxury,64.143748,-21.914703
Iceland,Reykjavik,Apotek Hotel,Austurstraeti 16 101 Reykjavik Iceland,+3545129000,4,luxury,64.147631,-21.938716
Iceland,Reykjavik,Canopy by Hilton Reykjavik City Centre,Smidijustigur 4 101 Reykjavik Iceland,+3545286000,4,luxury,64.1355,-21.8954
Iceland,Reykjavik,Radisson Blu Saga Hotel,Hagatorg 107 Reykjavik Iceland,+3545259900,4,luxury,64.141472,-21.954882
Iceland,Reykjavik,Hotel Holt,Bergstadastraeti 37 101 Reykjavik Iceland,+3545525700,4,luxury,64.139923,-21.932654
Iceland,Reykjavik,Centerhotel Arnarhvoll,Ingolfsstraeti 1 101 Reykjavik Iceland,+3545958540,3,economy,64.146253,-21.933961
Iceland,Reykjavik,ibis Reykjavik City,Laugavegur 20 101 Reykjavik Iceland,+3545159900,3,economy,64.140256,-21.893606
Iceland,Reykjavik,KEX Hostel Hotel,Skulagata 28 101 Reykjavik Iceland,+3545616060,3,economy,64.144453,-21.913344
Iceland,Akureyri,Icelandair Hotel Akureyri,Thingvallasstraeti 23 600 Akureyri Iceland,+3545181000,4,luxury,65.6835,-18.0878
Iceland,Akureyri,Hotel Kea by Keahotels,Hafnarstraeti 87-89 600 Akureyri Iceland,+3544602000,4,luxury,65.680591,-18.089651
Iceland,Akureyri,Hotel Edda Akureyri,Thorunnartun 600 Akureyri Iceland,+3544444840,3,economy,65.6835,-18.0878
Iceland,Akureyri,Hotel Harpa Akureyri,Hafnarstraeti 83-85 600 Akureyri Iceland,+3544611400,3,economy,65.673776,-18.087594
Iceland,Akureyri,Cabin Hostel Akureyri,Brekkugata 27a 600 Akureyri Iceland,+3544612020,3,economy,65.682458,-18.091746
Iceland,Akureyri,Hotel Nordurland,Geislagata 7 600 Akureyri Iceland,+3544622600,3,economy,65.684054,-18.091511
Iceland,Akureyri,Guesthouse Sunnuhlid,Brekkugata 34 600 Akureyri Iceland,+3544611152,3,economy,65.683586,-18.09383
Iceland,Akureyri,Hotel Akureyri,Thingvallasstraeti 7 600 Akureyri Iceland,+3544611500,3,economy,65.6835,-18.0878
Iceland,Akureyri,Reykjahlid Hotel,Myvatn 660 Akureyri Iceland,+3544644142,3,economy,65.6835,-18.0878
Iceland,Akureyri,Hotel Budir,Snaefellsnes 356 Akureyri Iceland,+3544356700,4,luxury,65.6835,-18.0878
Italy,Rome,Hotel Hassler Roma,Piazza Trinita dei Monti 6 00187 Rome Italy,+3906699340,5,luxury,41.905986,12.483692
Italy,Rome,Hotel Eden Rome,Via Ludovisi 49 00187 Rome Italy,+3906478121,5,luxury,41.906625,12.486307
Italy,Rome,Bulgari Hotel Roma,Via Il Plebiscito 107 00186 Rome Italy,+3906890880,5,luxury,41.9028,12.4964
Italy,Rome,Rome Cavalieri Waldorf Astoria,Via Alberto Cadlolo 101 00136 Rome Italy,+3906350910,5,luxury,41.918876,12.446681
Italy,Rome,Hotel de Russie,Via del Babuino 9 00187 Rome Italy,+3906328881,5,luxury,41.90997,12.477472
Italy,Rome,Borghese Palace Art Hotel,Via Pinciana 90 00198 Rome Italy,+3906855777,4,luxury,41.91287,12.492859
Italy,Rome,Sofitel Rome Villa Borghese,Via Lombardia 47 00187 Rome Italy,+3906478021,4,luxury,41.907616,12.486682
Italy,Rome,Hotel Artemide,Via Nazionale 22 00184 Rome Italy,+3906489911,4,luxury,41.900828,12.493607
Italy,Rome,ibis Roma Ostiense,Via Aristide Merloni 2 00154 Rome Italy,+3906558838,3,economy,41.883297,12.60726
Italy,Rome,Hotel Navona Inn,Via dei Sediari 8 00186 Rome Italy,+3906682152,3,economy,41.897858,12.474697
Italy,Milan,Park Hyatt Milan,Via Tommaso Grossi 1 20121 Milan Italy,+3902882112,5,luxury,45.465541,9.189144
Italy,Milan,Mandarin Oriental Milan,Via Andegari 9 20121 Milan Italy,+3902873188,5,luxury,45.469463,9.19098
Italy,Milan,Hotel Principe di Savoia,Piazza della Repubblica 17 20124 Milan Italy,+3902623010,5,luxury,45.479788,9.196393
Italy,Milan,Bulgari Hotel Milan,Via Privata Fratelli Gabba 7b 20121 Milan Italy,+3902805805,5,luxury,45.470276,9.189518
Italy,Milan,Four Seasons Hotel Milan,Via Gesu 6-8 20121 Milan Italy,+3902770880,5,luxury,45.469414,9.195302
Italy,Milan,Armani Hotel Milano,Via Alessandro Manzoni 31 20121 Milan Italy,+3902888388,5,luxury,45.470497,9.192946
Italy,Milan,Marriott Hotel Milan,Via Washington 66 20146 Milan Italy,+3902485210,4,luxury,45.461091,9.154503
Italy,Milan,Radisson Blu Hotel Milan,Piazza Luigi di Savoia 14 20124 Milan Italy,+3902067230,4,luxury,45.485848,9.205943
Italy,Milan,ibis Milano Centro,Via Finocchiaro Aprile 2 20124 Milan Italy,+3902669100,3,economy,45.478293,9.201776
Italy,Milan,Hotel Manzoni,Via Santo Spirito 20 20121 Milan Italy,+3902760057,3,economy,45.47027,9.19541
Italy,Venice,Gritti Palace,Campo Santa Maria del Giglio 2467 30124 Venice Italy,+3904179461,5,luxury,45.431638,12.333107
Italy,Venice,Hotel Danieli Venice,Riva degli Schiavoni 4196 30122 Venice Italy,+3904152264,5,luxury,45.433868,12.342064
Italy,Venice,The St Regis Venice,Sestiere San Marco 2159 30124 Venice Italy,+3904124000,5,luxury,45.4408,12.3155
Italy,Venice,Bauer Palazzo,Campo San Moise 1413 30124 Venice Italy,+3904152070,5,luxury,45.433139,12.335741
Italy,Venice,Hotel Cipriani Venice,Giudecca 10 30133 Venice Italy,+3904124086,5,luxury,45.427511,12.340305
Italy,Venice,Ca Sagredo Hotel,Campo Santa Sofia 4198 30121 Venice Italy,+3904124131,4,luxury,45.440648,12.334684
Italy,Venice,Palazzo Stern,Dorsoduro 2792 30123 Venice Italy,+3904127708,4,luxury,45.433132,12.319034
Italy,Venice,Hotel Saturnia International,Via XXII Marzo 2398 30124 Venice Italy,+3904152083,4,luxury,45.4408,12.3155
Italy,Venice,Hotel Flora Venice,Via XXII Marzo 2283a 30124 Venice Italy,+3904152058,3,economy,45.4408,12.3155
Italy,Venice,Hotel Dalla Mora,Salizada San Rocco 578 30135 Venice Italy,+3904152357,3,economy,45.436485,12.326174
Luxembourg,Luxembourg City,Le Royal Hotels Resorts,12 Boulevard Royal L-2449 Luxembourg City Luxembourg,+352241616,5,luxury,49.6116,6.1319
Luxembourg,Luxembourg City,Sofitel Luxembourg Europe,4 Rue du Fort Niedergrunewald L-2226 Luxembourg City Luxembourg,+352437677,5,luxury,49.6116,6.1319
Luxembourg,Luxembourg City,Melia Luxembourg,1 Park Drai Eechelen L-1499 Luxembourg City Luxembourg,+352274781,4,luxury,49.6116,6.1319
Luxembourg,Luxembourg City,Hotel Parc Belair,111 Avenue du X Septembre L-2551 Luxembourg City Luxembourg,+352442328,4,luxury,49.6116,6.1319
Luxembourg,Luxembourg City,NH Collection Luxembourg Grand Sablon,14 Boulevard de la Foire L-1528 Luxembourg City Luxembourg,+352274810,4,luxury,49.6116,6.1319
Luxembourg,Luxembourg City,Hotel Bristol,11 Rue de Strasbourg L-2561 Luxembourg City Luxembourg,+352485880,3,economy,49.6116,6.1319
Luxembourg,Luxembourg City,ibis Luxembourg Aeroport,6 Route de Treves L-2633 Luxembourg City Luxembourg,+352342844,3,economy,49.6116,6.1319
Luxembourg,Luxembourg City,Hotel Parc Belle-Vue,5 Avenue Marie-Therese L-2132 Luxembourg City Luxembourg,+352458341,3,economy,49.6116,6.1319
Luxembourg,Luxembourg City,Grand Hotel Cravat,29 Boulevard Roosevelt L-2450 Luxembourg City Luxembourg,+352221975,4,luxury,49.6116,6.1319
Luxembourg,Luxembourg City,Hotel City Tulip,2-4 rue Joseph Junck L-1839 Luxembourg City Luxembourg,+352291211,3,economy,49.6116,6.1319
Netherlands,Amsterdam,Hotel de l Europe,Nieuwe Doelenstraat 2-14 1012 CP Amsterdam Netherlands,+31205311777,5,luxury,52.3676,4.9041
Netherlands,Amsterdam,Waldorf Astoria Amsterdam,Herengracht 542-556 1017 CG Amsterdam Netherlands,+31207181000,5,luxury,52.364632,4.896983
Netherlands,Amsterdam,The Dylan Amsterdam,Keizersgracht 384 1016 GB Amsterdam Netherlands,+31205302010,5,luxury,52.369263,4.883458
Netherlands,Amsterdam,Sofitel Legend The Grand Amsterdam,Oudezijds Voorburgwal 197 1012 EX Amsterdam Netherlands,+31205553111,5,luxury,52.370928,4.895255
Netherlands,Amsterdam,Hotel V Nesplein,Nes 49 1012 KD Amsterdam Netherlands,+31206623233,4,luxury,52.372015,4.89377
Netherlands,Amsterdam,Hotel Pulitzer Amsterdam,Prinsengracht 315-331 1016 GZ Amsterdam Netherlands,+31205235235,4,luxury,52.373161,4.883253
Netherlands,Amsterdam,Bilderberg Garden Hotel,Dijsselhofplantsoen 7 1077 BJ Amsterdam Netherlands,+31207501234,4,luxury,52.35118,4.874002
Netherlands,Amsterdam,NH Collection Amsterdam Grand Hotel Krasnapolsky,Dam 9 1012 JS Amsterdam Netherlands,+31205549111,4,luxury,52.3676,4.9041
Netherlands,Amsterdam,ibis Amsterdam Centre,Stationsplein 49 1012 AB Amsterdam Netherlands,+31207213960,3,economy,52.379509,4.897173
Netherlands,Amsterdam,Generator Amsterdam,Mauritskade 57 1091 GC Amsterdam Netherlands,+31207770888,3,economy,52.36096,4.918704
Netherlands,Rotterdam,Hotel New York Rotterdam,Koninginnehoofd 1 3072 AD Rotterdam Netherlands,+31104390500,4,luxury,51.9244,4.4777
Netherlands,Rotterdam,Marriott Rotterdam,Weena 686 3012 CN Rotterdam Netherlands,+31104302222,4,luxury,51.922619,4.471485
Netherlands,Rotterdam,ss Rotterdam Hotel,3e Katendrechtse Hoofd 25 3072 AM Rotterdam Netherlands,+31102977300,4,luxury,51.9244,4.4777
Netherlands,Rotterdam,Holiday Inn Rotterdam,Schiekade 1 3032 AJ Rotterdam Netherlands,+31102007800,3,economy,51.930652,4.469605
Netherlands,Rotterdam,Inntel Hotels Rotterdam Centre,Leuvehaven 80 3011 EA Rotterdam Netherlands,+31104133139,4,luxury,51.913003,4.482598
Netherlands,Rotterdam,ibis Rotterdam City Centre,Vasteland 68 3011 BN Rotterdam Netherlands,+31104126180,3,economy,51.911535,4.47903
Netherlands,Rotterdam,Hotel Bazar Rotterdam,Witte de Withstraat 16 3012 BP Rotterdam Netherlands,+31102065151,3,economy,51.915935,4.478853
Netherlands,Rotterdam,Hotel Atlanta Rotterdam,Aert van Nesstraat 4 3012 CA Rotterdam Netherlands,+31102066060,3,economy,51.920999,4.478903
Netherlands,The Hague,Hotel Des Indes The Hague,Lange Voorhout 54-56 2514 EG The Hague Netherlands,+31703612345,5,luxury,52.0705,4.3007
Netherlands,The Hague,Crowne Plaza Den Haag-Promenade,Van Stolkweg 1 2585 JL The Hague Netherlands,+31703522242,4,luxury,52.097935,4.285591
Netherlands,The Hague,Bilderberg Europa Hotel,Zwolsestraat 2 2587 VJ The Hague Netherlands,+31704165757,4,luxury,52.114374,4.285685
Netherlands,The Hague,Hotel The Hague Marriott,Johan de Wittlaan 30 2517 JR The Hague Netherlands,+31703819901,4,luxury,52.090127,4.282569
Netherlands,The Hague,ibis Den Haag City Centre,Burg Patijnlaan 6 2585 BH The Hague Netherlands,+31703131445,3,economy,52.089894,4.30236
Netherlands,The Hague,NH Den Haag Hotel,Prinses Margrietplantsoen 100 2595 BR The Hague Netherlands,+31703815901,3,economy,52.078883,4.336839
Netherlands,The Hague,Radisson Blu Palace Hotel The Hague,Molenstraat 26 2513 BL The Hague Netherlands,+31703622626,4,luxury,52.079772,4.306423
Netherlands,The Hague,Hotel Paleis,Molenstraat 26 2513 BL The Hague Netherlands,+31703622700,3,economy,52.079772,4.306423
Netherlands,The Hague,Hotel Sebel,Prins Hendrikplein 20 2518 JA The Hague Netherlands,+31703856955,3,economy,52.082008,4.294912
Netherlands,The Hague,Mercure The Hague Central Hotel,Spui 180 2511 BW The Hague Netherlands,+31703636700,3,economy,52.076453,4.317851
Norway,Oslo,The Thief,Landgangen 1 0252 Oslo Norway,+4724004000,5,luxury,59.907658,10.721052
Norway,Oslo,Hotel Continental Oslo,Stortingsgaten 24-26 0117 Oslo Norway,+4722824000,5,luxury,59.9139,10.7522
Norway,Oslo,Grand Hotel Oslo,Karl Johans gate 31 0159 Oslo Norway,+4723212000,5,luxury,59.913745,10.739477
Norway,Oslo,Radisson Blu Plaza Hotel Oslo,Sonja Henies Plass 3 0134 Oslo Norway,+4722059000,4,luxury,59.912342,10.75457
Norway,Oslo,Clarion Hotel Oslo,Biskop Gunnerus gate 3 0155 Oslo Norway,+4723084000,4,luxury,59.912457,10.749962
Norway,Oslo,Scandic Karl Johan,Karl Johans gate 33 0162 Oslo Norway,+4723156600,4,luxury,59.914043,10.73841
Norway,Oslo,Thon Hotel Opera,Christian Frederiks plass 5 0154 Oslo Norway,+4724101000,4,luxury,59.91001,10.751627
Norway,Oslo,ibis Oslo Sentrum,Biskop Gunnerus gate 3 0155 Oslo Norway,+4722478000,3,economy,59.912457,10.749962
Norway,Oslo,Citybox Oslo,Prinsens gate 6 0152 Oslo Norway,+4721420000,3,economy,59.910397,10.747124
Norway,Oslo,Moxy Oslo Sentrum,Slottsgate 4 0157 Oslo Norway,+4722334700,3,economy,59.910641,10.741103
Norway,Bergen,Hotel Opus XVI,Christian Sundts gate 12 5004 Bergen Norway,+4755300800,5,luxury,60.3913,5.3221
Norway,Bergen,Radisson Blu Royal Hotel Bergen,Bryggen 5003 Bergen Norway,+4755544000,4,luxury,60.397726,5.322933
Norway,Bergen,Strand Hotel,Strandkaien 2-3 5013 Bergen Norway,+4755590800,4,luxury,60.394393,5.324001
Norway,Bergen,Clarion Hotel Admiral,Christian Sundts gate 9 5004 Bergen Norway,+4755231640,4,luxury,60.3913,5.3221
Norway,Bergen,Thon Hotel Bergen Brygge,Bradbenken 3 5003 Bergen Norway,+4755300900,3,economy,60.399325,5.320214
Norway,Bergen,Scandic Ornen,Lars Hillesgate 18 5008 Bergen Norway,+4755539000,3,economy,60.3913,5.3221
Norway,Bergen,Hotel Park Bergen,Harald Harfagres gate 35 5007 Bergen Norway,+4755541400,3,economy,60.386427,5.32572
Norway,Bergen,ibis Bergen City Centre,Fortunen 2 5013 Bergen Norway,+4755331000,3,economy,60.394271,5.322285
Norway,Bergen,Bergen Bors Hotel,Vagsallmenningen 2 5014 Bergen Norway,+4755305300,4,luxury,60.394549,5.32593
Norway,Bergen,Moxy Bergen Airport,Flyplassvegen 555 5258 Bergen Norway,+4755117800,3,economy,60.288347,5.232058
Poland,Warsaw,Hotel Bristol Warsaw,Krakowskie Przedmiescie 42-44 00-325 Warsaw Poland,+4822551100,5,luxury,52.242404,21.015724
Poland,Warsaw,Raffles Europejski Warsaw,Krakowskie Przedmiescie 13 00-071 Warsaw Poland,+4822507777,5,luxury,52.241927,21.015059
Poland,Warsaw,Hotel Indigo Warsaw,Smolna 40 00-375 Warsaw Poland,+4822250505,4,luxury,52.232696,21.02127
Poland,Warsaw,Marriott Warsaw,Al Jerozolimskie 65-79 00-697 Warsaw Poland,+4822630630,4,luxury,52.227606,21.004261
Poland,Warsaw,Radisson Blu Centrum Hotel Warsaw,Grzybowska 24 00-132 Warsaw Poland,+4822321300,4,luxury,52.236636,20.9986
Poland,Warsaw,Sheraton Grand Warsaw,Boleslawa Prusa 2 00-493 Warsaw Poland,+4822450300,4,luxury,52.228077,21.02489
Poland,Warsaw,InterContinental Warsaw,Emilii Plater 49 00-125 Warsaw Poland,+4822328888,5,luxury,52.232382,21.002454
Poland,Warsaw,ibis Warsaw Centre,Solidarnosci 165 00-876 Warsaw Poland,+4822520380,3,economy,52.237696,20.982855
Poland,Warsaw,Hotel Campanile Warsaw City Centre,Towarowa 2 00-813 Warsaw Poland,+4822582480,3,economy,52.226031,20.988861
Poland,Warsaw,Holiday Inn Express Warsaw Mokotow,Konstruktorska 13 02-673 Warsaw Poland,+4822579100,3,economy,52.184556,20.990545
Poland,Krakow,Hotel Stary,Szczepanska 5 31-011 Krakow Poland,+4812384080,5,luxury,50.063181,19.936557
Poland,Krakow,Hotel Copernicus,Kanonicza 16 31-002 Krakow Poland,+4812424340,5,luxury,50.056228,19.937551
Poland,Krakow,Andels by Vienna House Krakow,Pawia 3 31-154 Krakow Poland,+4812660070,4,luxury,50.065662,19.945665
Poland,Krakow,Hotel Wentyl Krakow,Westerplatte 15 31-033 Krakow Poland,+4812422702,4,luxury,50.060653,19.944471
Poland,Krakow,Radisson Blu Hotel Krakow,Straszewskiego 17 31-101 Krakow Poland,+4812618600,4,luxury,50.058226,19.933217
Poland,Krakow,Mercure Krakow Stare Miasto,Slawkowska 3 31-014 Krakow Poland,+4812429400,4,luxury,50.063338,19.937451
Poland,Krakow,Hotel Amber,Garbarska 8-10 31-131 Krakow Poland,+4812423390,3,economy,50.064873,19.931939
Poland,Krakow,Hotel Pollera,Szpitalna 30 31-024 Krakow Poland,+4812422204,3,economy,50.063498,19.94164
Poland,Krakow,ibis Krakow Stare Miasto,Syrokomli 2 30-102 Krakow Poland,+4812299990,3,economy,50.055368,19.925675
Poland,Krakow,Hotel Pod Orlem,Basztowa 5 31-143 Krakow Poland,+4812619910,3,economy,50.066359,19.9365
Portugal,Lisbon,Bairro Alto Hotel,Praca Luis de Camoes 8 1200-243 Lisbon Portugal,+3512134082,5,luxury,38.710568,-9.143427
Portugal,Lisbon,Hotel Bela Vista,Rua Garrett 108 1200-204 Lisbon Portugal,+3512190603,5,luxury,38.710821,-9.14064
Portugal,Lisbon,Four Seasons Hotel Ritz Lisbon,Rua Rodrigo da Fonseca 88 1099-039 Lisbon Portugal,+3512138114,5,luxury,38.725893,-9.155095
Portugal,Lisbon,Altis Grand Hotel,Rua Castilho 11 1269-072 Lisbon Portugal,+3512131060,4,luxury,38.720633,-9.150273
Portugal,Lisbon,Pestana Palace Lisboa,Rua Jau 54 1300-314 Lisbon Portugal,+3512136156,5,luxury,38.703725,-9.186723
Portugal,Lisbon,Sofitel Lisbon Liberdade,Av da Liberdade 127 1269-038 Lisbon Portugal,+3512132283,4,luxury,38.71862,-9.144864
Portugal,Lisbon,Hotel Lisboa Plaza,Travessa do Salitre 7 1269-066 Lisbon Portugal,+3512132181,3,economy,38.71871,-9.145541
Portugal,Lisbon,ibis Lisbon Liberdade,Rua Barata Salgueiro 53 1269-063 Lisbon Portugal,+3512133006,3,economy,38.720174,-9.150205
Portugal,Lisbon,Hotel Duas Nacoes,Rua da Vitoria 41 1100-618 Lisbon Portugal,+3512134607,3,economy,38.710945,-9.137588
Portugal,Lisbon,LX Boutique Hotel,Rua do Alecrim 12 1200-017 Lisbon Portugal,+3512134743,3,economy,38.706865,-9.143338
Portugal,Porto,Yeatman Hotel,Rua do Choupelo 250 4400-088 Porto Portugal,+3512201331,5,luxury,41.13434,-8.614403
Portugal,Porto,Hotel Infante Sagres,Praca Dona Filipa de Lencastre 62 4050-259 Porto Portugal,+3512233985,5,luxury,41.147917,-8.612929
Portugal,Porto,InterContinental Porto Palacio das Cardosas,Praca da Liberdade 25 4000-322 Porto Portugal,+3512220035,5,luxury,41.145826,-8.611594
Portugal,Porto,Hotel da Musica,Largo Ferreira Lapa 37 4050-240 Porto Portugal,+3512220030,4,luxury,41.1579,-8.6291
Portugal,Porto,Pousada do Porto,Praca da Batalha 45 4000-101 Porto Portugal,+3512144076,4,luxury,41.145358,-8.607269
Portugal,Porto,Mercure Porto Centro Aliados,Rua de Sampaio Bruno 12 4000-490 Porto Portugal,+3512220718,4,luxury,41.14677,-8.610577
Portugal,Porto,Hotel Eurostars Heroismo,Travessa do Heroismo 252 4300-255 Porto Portugal,+3512251894,3,economy,41.1579,-8.6291
Portugal,Porto,ibis Porto Centro,Largo Amor de Perdicao 2 4300-010 Porto Portugal,+3512291659,3,economy,41.144962,-8.616004
Portugal,Porto,Hotel Lusitania,Rua Nova de Sao Crispim 26 4300-333 Porto Portugal,+3512220106,3,economy,41.159686,-8.596147
Portugal,Porto,Oporto Home,Rua da Firmeza 215 4000-226 Porto Portugal,+3512220112,3,economy,41.150961,-8.605487
Portugal,Algarve,Conrad Algarve,Estrada da Quinta do Lago 8135-106 Algarve Portugal,+3512893507,5,luxury,37.0194,-7.9322
Portugal,Algarve,Hilton Vilamoura As Cascatas,Rua das Acacias 8125-300 Algarve Portugal,+3512893030,4,luxury,37.0194,-7.9322
Portugal,Algarve,Pine Cliffs Ocean Suites,Praia da Falesia 8200-593 Algarve Portugal,+3512895001,5,luxury,37.0194,-7.9322
Portugal,Algarve,Martinhal Sagres Beach Family Resort,Sagres 8650-908 Algarve Portugal,+3512822402,4,luxury,37.177957,-8.529171
Portugal,Algarve,Tivoli Carvoeiro Algarve,Vale Covo 8400-517 Algarve Portugal,+3512823511,4,luxury,37.0194,-7.9322
Portugal,Algarve,Bela Vista Hotel Spa,Av Tomas Cabreira 5 8500-802 Algarve Portugal,+3512824602,4,luxury,37.0194,-7.9322
Portugal,Algarve,Hotel Eva Trends,Av da Republica 1 8000-078 Algarve Portugal,+3512890010,3,economy,37.0194,-7.9322
Portugal,Algarve,Faro Boutique Hotel,Rua do Prior 14 8000-282 Algarve Portugal,+3512898062,3,economy,37.0194,-7.9322
Portugal,Algarve,ibis Faro,Rua de Berlim 8005-210 Algarve Portugal,+3512898984,3,economy,37.0194,-7.9322
Portugal,Algarve,Hotel Dom Bernardo,Rua General Teofilo da Trindade 20 8000-079 Algarve Portugal,+3512882067,3,economy,37.0194,-7.9322
Slovakia,Bratislava,Radisson Blu Carlton Hotel Bratislava,Hviezdoslavovo namestie 3 81102 Bratislava Slovakia,+4212593900,5,luxury,48.141212,17.108581
Slovakia,Bratislava,Hotel Marrols Boutique Hotel,Tobrucka 4 81102 Bratislava Slovakia,+4212577876,4,luxury,48.141285,17.113433
Slovakia,Bratislava,Crowne Plaza Bratislava,Hodzovo namestie 2 81625 Bratislava Slovakia,+4212593481,4,luxury,48.147165,17.108635
Slovakia,Bratislava,Hotel Devin,Riecna 4 81102 Bratislava Slovakia,+4212596881,4,luxury,48.140187,17.107271
Slovakia,Bratislava,Hotel Grand Matej,Moyzesova 4 81105 Bratislava Slovakia,+4212592800,3,economy,48.150196,17.104589
Slovakia,Bratislava,Hotel Perla,Na Barine 1 84104 Bratislava Slovakia,+4212644630,3,economy,48.197726,17.050825
Slovakia,Bratislava,ibis Bratislava Centrum,Zamocka 38 81101 Bratislava Slovakia,+4212592300,3,economy,48.144381,17.102505
Slovakia,Bratislava,Hotel Tatra,Namestie 1 maja 5 81106 Bratislava Slovakia,+4212592781,3,economy,48.149444,17.109558
Slovakia,Bratislava,Hotel Apollon,Palarikova 1 81104 Bratislava Slovakia,+4212526382,3,economy,48.156782,17.11297
Slovakia,Bratislava,Old City Hotel Bratislava,Obchodna 38 81106 Bratislava Slovakia,+4212592108,4,luxury,48.147393,17.110889
Slovenia,Ljubljana,Hotel Slon Best Western Premier,Slovenska cesta 34 1000 Ljubljana Slovenia,+3861470100,4,luxury,46.052564,14.503834
Slovenia,Ljubljana,InterContinental Ljubljana,Slovenska cesta 59 1000 Ljubljana Slovenia,+3861088820,5,luxury,46.057181,14.505378
Slovenia,Ljubljana,Vander Urbani Resort,Krojaska ulica 6-8 1000 Ljubljana Slovenia,+3861200900,4,luxury,46.049548,14.505995
Slovenia,Ljubljana,Hotel Cubo,Slovenska cesta 15 1000 Ljubljana Slovenia,+3861425151,4,luxury,46.049345,14.502001
Slovenia,Ljubljana,Grand Hotel Union,Miklosiceva cesta 1 1000 Ljubljana Slovenia,+3861308127,4,luxury,46.052715,14.506376
Slovenia,Ljubljana,Hotel Park,Tabor 9 1000 Ljubljana Slovenia,+3861300130,3,economy,46.053571,14.514808
Slovenia,Ljubljana,Best Western City Hotel Ljubljana,Dalmatinova 15 1000 Ljubljana Slovenia,+3861239005,3,economy,46.053817,14.50794
Slovenia,Ljubljana,ibis Ljubljana Centre,Trg Ajdovscina 1 1000 Ljubljana Slovenia,+3861476670,3,economy,46.0569,14.5058
Slovenia,Ljubljana,Hotel Mrak,Rimska cesta 4 1000 Ljubljana Slovenia,+3861421300,3,economy,46.047337,14.502009
Slovenia,Ljubljana,Hotel Lev,Vosnjakova ulica 1 1000 Ljubljana Slovenia,+3861433200,4,luxury,46.056289,14.502513
Spain,Madrid,Hotel Ritz Madrid,Plaza de la Lealtad 5 28014 Madrid Spain,+3491701676,5,luxury,40.41555,-3.692725
Spain,Madrid,Four Seasons Hotel Madrid,Calle de Sevilla 3 28014 Madrid Spain,+3491738100,5,luxury,40.417272,-3.700392
Spain,Madrid,Palacio del Retiro Autograph Collection,Alfonso XII 14 28014 Madrid Spain,+3491523746,5,luxury,40.275361,-3.591375
Spain,Madrid,Hotel Unico Madrid,Claudio Coello 67 28001 Madrid Spain,+3491781017,5,luxury,40.428559,-3.686205
Spain,Madrid,Villa Magna Hotel,Paseo de la Castellana 22 28046 Madrid Spain,+3491587200,5,luxury,40.429937,-3.688165
Spain,Madrid,Hyatt Regency Hesperia Madrid,Paseo de la Castellana 57 28046 Madrid Spain,+3491210770,4,luxury,40.438825,-3.691747
Spain,Madrid,NH Collection Madrid Gran Via,Gran Via 21 28013 Madrid Spain,+3491521394,4,luxury,40.419757,-3.701356
Spain,Madrid,Ibis Madrid Centro,Calle Alcala 56 28009 Madrid Spain,+3491435450,3,economy,40.4195,-3.69036
Spain,Madrid,Generator Madrid,Calle de Relatores 8 28012 Madrid Spain,+3491791730,3,economy,40.413282,-3.703296
Spain,Madrid,Hotel Oscar Madrid,Plaza Vazquez de Mella 12 28004 Madrid Spain,+3491701737,3,economy,40.4168,-3.7038
Spain,Barcelona,Hotel Arts Barcelona,Carrer de la Marina 19-21 08005 Barcelona Spain,+3493221100,5,luxury,41.387083,2.196561
Spain,Barcelona,W Barcelona,Placa de la Rosa dels Vents 1 08039 Barcelona Spain,+3493295280,5,luxury,41.368833,2.190115
Spain,Barcelona,Mandarin Oriental Barcelona,Passeig de Gracia 38-40 08007 Barcelona Spain,+3493151888,5,luxury,41.391212,2.166896
Spain,Barcelona,Hotel Majestic Barcelona,Passeig de Gracia 68 08008 Barcelona Spain,+3493488888,5,luxury,41.393628,2.163389
Spain,Barcelona,El Palace Hotel Barcelona,Gran Via de les Corts Catalanes 668 08010 Barcelona Spain,+3493510113,5,luxury,41.391788,2.17176
Spain,Barcelona,Hotel 1898,La Rambla 109 08002 Barcelona Spain,+3493552155,4,luxury,41.383482,2.171202
Spain,Barcelona,Ohla Barcelona,Via Laietana 49 08003 Barcelona Spain,+3493341470,4,luxury,41.387057,2.174336
Spain,Barcelona,Novotel Barcelona City,Joan Miro 42 08015 Barcelona Spain,+3493600770,4,luxury,41.499648,2.180324
Spain,Barcelona,ibis Barcelona Centro,Calabria 149 08015 Barcelona Spain,+3493600780,3,economy,41.381732,2.151952
Spain,Barcelona,Generator Barcelona,Carrer de Corsega 373 08037 Barcelona Spain,+3493220822,3,economy,41.399144,2.162598
Spain,Seville,Hotel Alfonso XIII Seville,Calle San Fernando 2 41004 Seville Spain,+3495491700,5,luxury,37.381553,-5.992489
Spain,Seville,Hotel Mercer Sevilla,Calle Castelar 26 41001 Seville Spain,+3495422840,5,luxury,37.387564,-5.997426
Spain,Seville,Eurostars Torre Sevilla,Calle Gonzalo Jimenez de Quesada 2 41092 Seville Spain,+3495501100,4,luxury,37.392151,-6.010232
Spain,Seville,Hotel Colon Gran Melia Sevilla,Canalejas 1 41001 Seville Spain,+3495505090,4,luxury,37.390449,-6.000128
Spain,Seville,NH Collection Sevilla,Calle Alberto Lista 6 41004 Seville Spain,+3495428295,4,luxury,37.395947,-5.992244
Spain,Seville,Silken Al-Andalus Palace Hotel,Avenida de la Palmera 41012 Seville Spain,+3495423060,4,luxury,37.358206,-5.981205
Spain,Seville,Radisson Blu Hotel Seville,Av de Buhaira 22 41018 Seville Spain,+3495543000,4,luxury,37.382899,-5.974542
Spain,Seville,ibis Sevilla,Calle Antonio Mairena 26 41019 Seville Spain,+3495498040,3,economy,37.376731,-6.052097
Spain,Seville,Hotel Pension San Pancracio,Plaza de las Cruces 9 41004 Seville Spain,+3495441254,3,economy,37.3891,-5.9845
Spain,Seville,Hotel Amadeus Sevilla,Calle Farnesio 6 41004 Seville Spain,+3495450144,3,economy,37.38716,-5.988712
Sweden,Stockholm,Grand Hotel Stockholm,Sodra Blasieholmshamnen 8 103 27 Stockholm Sweden,+4686793500,5,luxury,59.329538,18.075383
Sweden,Stockholm,Hotel Nobis,Norrmalmstorg 2-4 111 86 Stockholm Sweden,+4686140700,5,luxury,59.33325,18.072972
Sweden,Stockholm,Berns Hotel,Nackstromsgatan 8 111 47 Stockholm Sweden,+4685663200,4,luxury,59.332303,18.073344
Sweden,Stockholm,Hotel Diplomat Stockholm,Strandvagen 7C 114 56 Stockholm Sweden,+4684596800,4,luxury,59.332158,18.080483
Sweden,Stockholm,Radisson Blu Royal Viking Hotel Stockholm,Vasagatan 1 101 24 Stockholm Sweden,+4685065400,4,luxury,59.331482,18.058185
Sweden,Stockholm,Scandic Grand Central,Kungsgatan 70 111 22 Stockholm Sweden,+4685170600,3,economy,59.333782,18.056066
Sweden,Stockholm,ibis Stockholm Odenplan,Karlbergsvagen 39 113 26 Stockholm Sweden,+4685002050,3,economy,59.342866,18.045331
Sweden,Stockholm,Generator Stockholm,Torsgatan 10 113 21 Stockholm Sweden,+4685055594,3,economy,59.335831,18.051296
Sweden,Stockholm,Hotel Kung Carl,Birger Jarlsgatan 21-23 111 45 Stockholm Sweden,+4684632000,4,luxury,59.337417,18.070262
Sweden,Stockholm,Hotel With Urban Deli,Sveavagen 44 111 34 Stockholm Sweden,+4684204207,3,economy,59.336808,18.062649
Sweden,Gothenburg,Elite Plaza Hotel Gothenburg,Vastra Hamngatan 3 404 22 Gothenburg Sweden,+4631720400,5,luxury,57.70513,11.962828
Sweden,Gothenburg,Hotel Gothia Towers,Massans gata 24 412 51 Gothenburg Sweden,+4631750880,4,luxury,57.697479,11.989051
Sweden,Gothenburg,Radisson Blu Scandinavia Hotel Gothenburg,Sodra Hamngatan 59-65 401 24 Gothenburg Sweden,+4631758580,4,luxury,57.707038,11.972814
Sweden,Gothenburg,Clarion Hotel Post Gothenburg,Drottningtorget 10 404 22 Gothenburg Sweden,+4631619900,4,luxury,57.708098,11.975068
Sweden,Gothenburg,Scandic Rubinen,Kungsportsavenyen 24 400 15 Gothenburg Sweden,+4631751090,3,economy,57.698555,11.977672
Sweden,Gothenburg,ibis Goteborg City Centre,Emigrantvagen 2 411 36 Gothenburg Sweden,+4631750370,3,economy,57.70022,11.932767
Sweden,Gothenburg,Hotel Riverton,Stora Badhusgatan 26 411 21 Gothenburg Sweden,+4631750610,4,luxury,57.703774,11.956541
Sweden,Gothenburg,Good Night Hotel Goteborg,Skanegatan 33 412 52 Gothenburg Sweden,+4631740570,3,economy,57.697722,11.986218
Sweden,Gothenburg,Generator Gothenburg,Magasinsgatan 17 411 18 Gothenburg Sweden,+4631520440,3,economy,57.702862,11.962595
Sweden,Gothenburg,Best Western Kom Hotel,Engelbrektsplan 2 41251 Gothenburg Sweden,+4631400410,3,economy,57.7089,11.9746
Switzerland,Zurich,The Dolder Grand,Kurhausstrasse 65 8032 Zurich Switzerland,+4144456600,5,luxury,47.372722,8.573421
Switzerland,Zurich,Baur au Lac,Talstrasse 1 8001 Zurich Switzerland,+4144220502,5,luxury,47.367112,8.539343
Switzerland,Zurich,Hotel Widder,Rennweg 7 8001 Zurich Switzerland,+4144224252,5,luxury,47.37244,8.539856
Switzerland,Zurich,Park Hyatt Zurich,Beethoven-Strasse 21 8002 Zurich Switzerland,+4143883123,5,luxury,47.366423,8.53604
Switzerland,Zurich,Zurich Marriott Hotel,Neumuehlequai 42 8006 Zurich Switzerland,+4144360107,4,luxury,47.382415,8.540556
Switzerland,Zurich,Hotel Schweizerhof Zurich,Bahnhofplatz 7 8001 Zurich Switzerland,+4144218888,4,luxury,47.376981,8.539421
Switzerland,Zurich,Radisson Blu Hotel Zurich Airport,Flughofstrasse 69 8058 Zurich Switzerland,+4144800188,4,luxury,47.440616,8.566439
Switzerland,Zurich,ibis Zurich Messe Airport,Oberfeldstrasse 40 8302 Zurich Switzerland,+4144804008,3,economy,47.506861,8.703086
Switzerland,Zurich,Hotel Townhouse Zurich,Schützengasse 7 8001 Zurich Switzerland,+4144200707,3,economy,47.376189,8.540024
Switzerland,Zurich,Hotel du Theatre,Seilergraben 69 8001 Zurich Switzerland,+4144267707,3,economy,47.376273,8.544667
Switzerland,Geneva,Hotel d Angleterre Geneva,Quai du Mont-Blanc 17 1201 Geneva Switzerland,+4122906555,5,luxury,46.209642,6.15031
Switzerland,Geneva,Four Seasons Hotel des Bergues Geneva,Quai des Bergues 33 1201 Geneva Switzerland,+4122708700,5,luxury,46.207034,6.146987
Switzerland,Geneva,Mandarin Oriental Geneva,Quai Turrettini 1 1201 Geneva Switzerland,+4122909000,5,luxury,46.205815,6.140977
Switzerland,Geneva,Beau-Rivage Geneva,Quai du Mont-Blanc 13 1201 Geneva Switzerland,+4122716666,5,luxury,46.209223,6.14982
Switzerland,Geneva,Hotel Le Richemond Geneva,Jardin Brunswick 1201 Geneva Switzerland,+4122715700,5,luxury,46.2044,6.1432
Switzerland,Geneva,InterContinental Geneva,7-9 Chemin du Petit-Saconnex 1209 Geneva Switzerland,+4122919911,4,luxury,46.224112,6.132999
Switzerland,Geneva,Hotel President Wilson Geneva,Quai Wilson 47 1211 Geneva Switzerland,+4122906333,4,luxury,46.214312,6.151459
Switzerland,Geneva,Movenpick Hotel Geneva,Route de Pre-Bois 20 1215 Geneva Switzerland,+4122717999,4,luxury,46.22567,6.101813
Switzerland,Geneva,ibis Geneva Centre,10 Rue Voltaire 1201 Geneva Switzerland,+4122338848,3,economy,46.207785,6.138304
Switzerland,Geneva,Hotel Auteuil,33 Rue de Lausanne 1202 Geneva Switzerland,+4122544888,3,economy,46.212825,6.14489
Switzerland,Bern,Bellevue Palace,Kochergasse 3-5 3011 Bern Switzerland,+4131320454,5,luxury,46.94653,7.446704
Switzerland,Bern,Hotel Schweizerhof Bern,Bahnhofplatz 11 3001 Bern Switzerland,+4131326808,5,luxury,46.948491,7.440244
Switzerland,Bern,Radisson Blu Hotel Bern,Zeughausgasse 9 3011 Bern Switzerland,+4131308340,4,luxury,46.948699,7.446357
Switzerland,Bern,Savoy Hotel Bern,Neuengasse 26 3011 Bern Switzerland,+4131311440,4,luxury,46.949094,7.44203
Switzerland,Bern,Hotel Bern,Zeughausgasse 9 3011 Bern Switzerland,+4131320022,3,economy,46.948699,7.446357
Switzerland,Bern,Hotel Krebs Bern,Genfergasse 8 3011 Bern Switzerland,+4131311494,3,economy,46.949485,7.441177
Switzerland,Bern,ibis Bern Expo,Guisanplatz 1 3014 Bern Switzerland,+4131339414,3,economy,46.959675,7.463336
Switzerland,Bern,Hotel City am Bahnhof,Bubenbergplatz 7 3011 Bern Switzerland,+4131311663,3,economy,46.947207,7.439835
Switzerland,Bern,Hotel Goldener Schluessel,Rathausgasse 72 3011 Bern Switzerland,+4131311021,3,economy,46.948532,7.44871
Switzerland,Bern,Hotel Ambassador Bern,Seftigenstrasse 99 3007 Bern Switzerland,+4131370999,4,luxury,46.934335,7.43995
USA,New York,The Plaza Hotel,Fifth Avenue at Central Park South New York NY 10019,+12127593000,5,luxury,40.7128,-74.006
USA,New York,The St Regis New York,2 East 55th Street New York NY 10022,+12127534500,5,luxury,40.761246,-73.974332
USA,New York,Four Seasons Hotel New York,57 East 57th Street New York NY 10022,+12127585700,5,luxury,40.762301,-73.971257
USA,New York,The Mark Hotel,25 East 77th Street New York NY 10075,+12127445300,5,luxury,40.77533,-73.963259
USA,New York,The Carlyle A Rosewood Hotel,35 East 76th Street New York NY 10021,+12127441600,5,luxury,40.774248,-73.96299
USA,New York,Mandarin Oriental New York,80 Columbus Circle New York NY 10023,+12128058800,5,luxury,40.76901,-73.982912
USA,New York,Loews Regency New York Hotel,540 Park Avenue New York NY 10065,+12127597000,4,luxury,40.764408,-73.96904
USA,New York,The New York Edition,5 Madison Avenue New York NY 10010,+12124139000,4,luxury,40.741326,-73.98747
USA,New York,Yotel New York,570 10th Avenue New York NY 10036,+16464497700,3,economy,40.758905,-73.994704
USA,New York,Pod 51 Hotel,230 East 51st Street New York NY 10022,+12127551200,3,economy,40.755713,-73.969092
USA,Miami,Acqualina Resort Residences,17875 Collins Avenue Sunny Isles Beach FL 33160,+13059181234,5,luxury,25.940795,-80.120495
USA,Miami,The Setai Miami Beach,2001 Collins Avenue Miami Beach FL 33139,+13055205400,5,luxury,25.795195,-80.127312
USA,Miami,Faena Hotel Miami Beach,3201 Collins Avenue Miami Beach FL 33140,+13055348800,5,luxury,25.807378,-80.123139
USA,Miami,Four Seasons Hotel Miami,1435 Brickell Avenue Miami FL 33131,+13053583535,5,luxury,25.758763,-80.191514
USA,Miami,1 Hotel South Beach,2341 Collins Avenue Miami Beach FL 33139,+13056041000,5,luxury,25.798518,-80.127708
USA,Miami,Loews Miami Beach Hotel,1601 Collins Avenue Miami Beach FL 33139,+13056041601,4,luxury,25.789383,-80.129344
USA,Miami,Hotel Kimpton EPIC,270 Biscayne Boulevard Way Miami FL 33131,+13054241234,4,luxury,25.770525,-80.189056
USA,Miami,Marriott Miami Biscayne Bay,1633 North Bayshore Drive Miami FL 33132,+13053746000,4,luxury,25.790861,-80.185997
USA,Miami,ibis Miami Brickell,2500 SW 27th Ave Miami FL 33133,+17865025910,3,economy,25.7451,-80.238138
USA,Miami,Coconut Grove Hotel,2649 S Bayshore Drive Miami FL 33133,+13058588600,3,economy,25.731662,-80.235309
USA,Los Angeles,The Beverly Hills Hotel,9641 Sunset Boulevard Beverly Hills CA 90210,+13102762251,5,luxury,34.081715,-118.413797
USA,Los Angeles,Chateau Marmont,8221 Sunset Boulevard Los Angeles CA 90046,+13236561010,5,luxury,34.09825,-118.368405
USA,Los Angeles,Hotel Bel-Air,701 Stone Canyon Road Los Angeles CA 90077,+13104721211,5,luxury,34.086499,-118.44642
USA,Los Angeles,The Langham Huntington Pasadena,1401 S Oak Knoll Avenue Pasadena CA 91106,+16265681234,5,luxury,34.122299,-118.133769
USA,Los Angeles,Montage Beverly Hills,225 N Canon Drive Beverly Hills CA 90210,+13108608100,5,luxury,34.067767,-118.398916
USA,Los Angeles,The LINE Hotel LA,3515 Wilshire Blvd Los Angeles CA 90010,+12133817411,4,luxury,34.062185,-118.300981
USA,Los Angeles,Kimpton Hotel Wilshire,6317 Wilshire Blvd Los Angeles CA 90048,+13238536600,4,luxury,34.063568,-118.365969
USA,Los Angeles,The Westin Bonaventure Hotel,404 S Figueroa Street Los Angeles CA 90071,+12136241000,4,luxury,34.051351,-118.258028
USA,Los Angeles,Freehand Los Angeles,416 W 8th Street Los Angeles CA 90014,+12136120021,3,economy,34.044915,-118.256739
USA,Los Angeles,USA Hostels Hollywood,1624 Schrader Boulevard Hollywood CA 90028,+13234620123,3,economy,34.100581,-118.332101
USA,Chicago,Four Seasons Hotel Chicago,120 East Delaware Place Chicago IL 60611,+13122807500,5,luxury,41.899639,-87.624884
USA,Chicago,The Langham Chicago,330 North Wabash Avenue Chicago IL 60611,+13129238888,5,luxury,41.888659,-87.627596
USA,Chicago,Loews Chicago Hotel,455 North Park Drive Chicago IL 60611,+13128404400,4,luxury,41.889967,-87.618833
USA,Chicago,Marriott Chicago Downtown Magnificent Mile,540 North Michigan Avenue Chicago IL 60611,+13128360100,4,luxury,41.892093,-87.624869
USA,Chicago,InterContinental Chicago Magnificent Mile,505 North Michigan Avenue Chicago IL 60611,+13129444100,4,luxury,41.891348,-87.623558
USA,Chicago,Hilton Chicago,720 South Michigan Avenue Chicago IL 60605,+13129222000,4,luxury,41.872509,-87.625113
USA,Chicago,Hotel EMC2 Autograph Collection,228 East Ontario Street Chicago IL 60611,+13124710100,4,luxury,41.893665,-87.621629
USA,Chicago,The Godfrey Hotel Chicago,127 West Huron Street Chicago IL 60654,+13126491360,4,luxury,41.894889,-87.633004
USA,Chicago,Freehand Chicago,19 East Ohio Street Chicago IL 60611,+13129400010,3,economy,41.892276,-87.62732
USA,Chicago,HI Chicago Hostel,24 East Congress Parkway Chicago IL 60605,+13123600300,3,economy,41.875569,-87.627312
USA,Washington DC,Four Seasons Hotel Washington DC,2800 Pennsylvania Avenue NW Washington DC 20007,+12023423100,5,luxury,38.904475,-77.05723
USA,Washington DC,The Hay-Adams,800 16th Street NW Washington DC 20006,+12026381000,5,luxury,38.900504,-77.0369
USA,Washington DC,Mandarin Oriental Washington DC,1330 Maryland Avenue SW Washington DC 20024,+12025548588,5,luxury,38.883412,-77.031019
USA,Washington DC,Trump International Hotel Washington DC,1100 Pennsylvania Avenue NW Washington DC 20004,+12026951100,5,luxury,38.894118,-77.027563
USA,Washington DC,Kimpton George Hotel,15 E Street NW Washington DC 20001,+12024374200,4,luxury,38.896276,-77.009805
USA,Washington DC,Washington Hilton,1919 Connecticut Avenue NW Washington DC 20009,+12024831000,4,luxury,38.916454,-77.045161
USA,Washington DC,JW Marriott Washington DC,1331 Pennsylvania Avenue NW Washington DC 20004,+12023932000,4,luxury,38.895591,-77.030012
USA,Washington DC,Capitol Hill Hotel,200 C Street SE Washington DC 20003,+12025431602,3,economy,38.886249,-77.003121
USA,Washington DC,The District Hotel Washington DC,1440 Rhode Island Avenue NW Washington DC 20005,+12024832000,3,economy,38.908122,-77.033312
USA,Washington DC,HI Washington DC Hostel,1009 11th Street NW Washington DC 20001,+12027371153,3,economy,38.902905,-77.026749
Canada,Montreal,Le Mount Stephen Hotel,1440 Drummond Street Montreal QC H3G 1V9,+15148880000,5,luxury,45.5017,-73.5673
Canada,Montreal,Ritz-Carlton Montreal,1228 Sherbrooke Street W Montreal QC H3G 1H6,+15148421111,5,luxury,45.494067,-73.583943
Canada,Montreal,Sofitel Montreal Golden Mile,1155 Sherbrooke Street W Montreal QC H3A 2N3,+15142851110,4,luxury,45.462037,-73.632158
Canada,Montreal,Hotel Omni Mont-Royal,1050 Sherbrooke Street W Montreal QC H3A 2R6,+15142841110,4,luxury,45.501928,-73.575954
Canada,Montreal,Marriott Chateau Champlain Montreal,1050 De la Gauchetiere W Montreal QC H3B 4C9,+15148787000,4,luxury,45.501022,-73.56449
Canada,Montreal,W Montreal Hotel,901 Square Victoria Montreal QC H2Z 1R1,+15143958000,4,luxury,45.502045,-73.561962
Canada,Montreal,Hotel Nelligan,106 Saint-Paul Street W Montreal QC H2Y 1Z3,+15147889122,4,luxury,45.5017,-73.5673
Canada,Montreal,ALT Hotel Montreal,120 Peel Street Montreal QC H3C 0L8,+15148740000,3,economy,43.663527,-79.799072
Canada,Montreal,Auberge de la Place Royale,17 Saint-Paul Street E Montreal QC H2Y 1G6,+15148282060,3,economy,45.5017,-73.5673
Canada,Montreal,Hotel10 Montreal,10 Sherbrooke Street E Montreal QC H2X 3P2,+15148435000,3,economy,45.51329,-73.569086
Canada,Calgary,Hotel Arts Calgary,119 12 Avenue SW Calgary AB T2R 0G8,+14032660611,4,luxury,51.040982,-114.064785
Canada,Calgary,Hyatt Regency Calgary,700 Centre Street SE Calgary AB T2G 5P6,+14037171234,4,luxury,51.0447,-114.0719
Canada,Calgary,The Fairmont Palliser Calgary,133 9 Avenue SW Calgary AB T2P 2M3,+14032621234,5,luxury,51.044363,-114.064955
Canada,Calgary,Marriott Calgary Downtown,110 9 Avenue SE Calgary AB T2G 5A6,+14032669700,4,luxury,51.043905,-114.044196
Canada,Calgary,Hotel Le Germain Calgary,899 Centre Street SW Calgary AB T2G 1B8,+14032648990,4,luxury,51.009823,-114.065013
Canada,Calgary,Hilton Garden Inn Calgary Downtown,711 4 Street SE Calgary AB T2G 1S3,+14036691111,3,economy,51.045956,-114.053709
Canada,Calgary,Sandman Signature Calgary Downtown,888 7 Avenue SW Calgary AB T2P 3J3,+14035323200,3,economy,51.047297,-114.080678
Canada,Calgary,ibis Calgary Centre West,135 Southland Drive SE Calgary AB T2J 5X5,+14035341111,3,economy,50.964529,-114.069254
Canada,Calgary,The Westin Calgary,320 4 Avenue SW Calgary AB T2P 2S6,+14032661611,4,luxury,51.050184,-114.069304
Canada,Calgary,Alt Hotel Calgary East Village,618 Confluence Way SE Calgary AB T2G 0G4,+14032638800,3,economy,51.04792,-114.04979
Canada,Ottawa,Fairmont Chateau Laurier,1 Rideau Street Ottawa ON K1N 8S7,+16132411414,5,luxury,45.425583,-75.695206
Canada,Ottawa,Andaz Ottawa ByWard Market,325 Dalhousie Street Ottawa ON K1N 7G1,+16133218000,4,luxury,45.428705,-75.690689
Canada,Ottawa,Lord Elgin Hotel Ottawa,100 Elgin Street Ottawa ON K1P 5K8,+16132353333,4,luxury,45.421337,-75.693769
Canada,Ottawa,Marriott Ottawa,100 Kent Street Ottawa ON K1P 5R7,+16132385000,4,luxury,45.419774,-75.70343
Canada,Ottawa,Hilton Lac-Leamy Ottawa,3 Casino Boulevard Gatineau QC J8Y 6X4,+18197907000,4,luxury,45.447568,-75.72377
Canada,Ottawa,Delta Hotels Ottawa City Centre,101 Lyon Street N Ottawa ON K1R 5T9,+16132371500,3,economy,45.418427,-75.704201
Canada,Ottawa,ibis Ottawa Centre,141 Cooper Street Ottawa ON K2P 0E8,+16132385000,3,economy,45.419199,-75.689797
Canada,Ottawa,Swiss Hotel Ottawa,89 Daly Avenue Ottawa ON K1N 6E6,+16132371700,3,economy,45.426987,-75.686378
Canada,Ottawa,Novotel Ottawa Hotel,33 Nicholas Street Ottawa ON K1N 9M7,+16132301171,3,economy,45.425997,-75.689549
Canada,Ottawa,Arc The Hotel Ottawa,140 Slater Street Ottawa ON K1P 5H6,+16132389000,4,luxury,45.420375,-75.696916
Canada,Edmonton,Fairmont Hotel Macdonald Edmonton,10065 100 Street NW Edmonton AB T5J 0N6,+17804247111,5,luxury,53.54074,-113.4903
Canada,Edmonton,JW Marriott Edmonton ICE District,10344 102 Street NW Edmonton AB T5J 0G5,+17804016001,5,luxury,53.445729,-113.490694
Canada,Edmonton,Sutton Place Hotel Edmonton,10235 101 Street NW Edmonton AB T5J 3E9,+17804283000,4,luxury,53.609518,-113.494312
Canada,Edmonton,Delta Hotels Edmonton Centre Suites,10222 102 Street NW Edmonton AB T5J 4C5,+17804299666,4,luxury,53.445729,-113.490694
Canada,Edmonton,Hyatt Place Edmonton Downtown,10010 104 Street NW Edmonton AB T5J 0Z2,+17804203456,4,luxury,53.539436,-113.499476
Canada,Edmonton,Coast Edmonton Plaza Hotel,10155 105 Street NW Edmonton AB T5J 1E2,+17804234811,3,economy,53.451806,-113.501465
Canada,Edmonton,ibis Edmonton Downtown,10010 104 Street NW Edmonton AB T5J 0Z2,+17804239977,3,economy,53.539436,-113.499476
Canada,Edmonton,Holiday Inn Express Edmonton Downtown,10010 104 Street NW Edmonton AB T5J 0Z2,+17804229999,3,economy,53.539436,-113.499476
Canada,Edmonton,Chateau Louis Hotel Conference Centre,11727 Kingsway Avenue Edmonton AB T5G 3J7,+17804528431,3,economy,53.562968,-113.505886
Canada,Edmonton,Varscona Hotel on Whyte,8208 106 Street NW Edmonton AB T6E 4M3,+17804345085,3,economy,53.5689,-113.503029
Canada,Vancouver,Rosewood Hotel Georgia,801 West Georgia Street Vancouver BC V6C 1P7,+16046829550,5,luxury,49.283487,-123.119333
Canada,Vancouver,Fairmont Hotel Vancouver,900 West Georgia Street Vancouver BC V6C 2W6,+16046843131,5,luxury,49.28377,-123.120986
Canada,Vancouver,Four Seasons Hotel Vancouver,791 West Georgia Street Vancouver BC V6C 2T4,+16046894321,5,luxury,49.294147,-123.136246
Canada,Vancouver,Shangri-La Hotel Vancouver,1128 West Georgia Street Vancouver BC V6E 0A8,+16046898888,5,luxury,49.285782,-123.123918
Canada,Vancouver,Pan Pacific Vancouver,300 999 Canada Place Vancouver BC V6C 3B5,+16046628111,4,luxury,49.288395,-123.112089
Canada,Vancouver,Marriott Pinnacle Downtown,1128 West Hastings Street Vancouver BC V6E 4R5,+16046841128,4,luxury,49.287955,-123.121147
Canada,Vancouver,Westin Grand Vancouver,433 Robson Street Vancouver BC V6B 2P4,+16046020229,4,luxury,49.279865,-123.116926
Canada,Vancouver,Hyatt Regency Vancouver,655 Burrard Street Vancouver BC V6C 2R7,+16046831234,4,luxury,49.285185,-123.120638
Canada,Vancouver,YWCA Hotel Vancouver,733 Beatty Street Vancouver BC V6B 2M4,+16048958800,3,economy,49.27837,-123.1131
Canada,Vancouver,HI Vancouver Central,1025 Granville Street Vancouver BC V6Z 1L4,+16046854335,3,economy,49.279154,-123.123778
Australia,Sydney,Park Hyatt Sydney,7 Hickson Road Sydney NSW 2000,+6129241234,5,luxury,-33.855994,151.208897
Australia,Sydney,Four Seasons Hotel Sydney,199 George Street Sydney NSW 2000,+6129238000,5,luxury,-33.86167,151.207601
Australia,Sydney,Intercontinental Sydney,117 Macquarie Street Sydney NSW 2000,+6129250400,5,luxury,-33.863053,151.212397
Australia,Sydney,Shangri-La Hotel Sydney,176 Cumberland Street Sydney NSW 2000,+6129250000,5,luxury,-33.861292,151.206592
Australia,Sydney,The Observatory Hotel Sydney,89-113 Kent Street Sydney NSW 2000,+6129256222,5,luxury,-33.860475,151.203454
Australia,Sydney,Sofitel Sydney Darling Harbour,12 Darling Drive Sydney NSW 2000,+6128268300,4,luxury,-33.870553,151.198301
Australia,Sydney,Marriott Hotel Sydney,36 College Street Sydney NSW 2010,+6129361111,4,luxury,-33.876189,151.212487
Australia,Sydney,The Langham Sydney,89-113 Kent Street Sydney NSW 2000,+6129256688,5,luxury,-33.860475,151.203454
Australia,Sydney,ibis Sydney Airport,205 O Riordan Street Mascot NSW 2020,+6129318550,3,economy,-33.92815,151.186733
Australia,Sydney,YHA Sydney Harbour,110 Cumberland Street Sydney NSW 2000,+6128272090,3,economy,-33.860079,151.207101
Australia,Melbourne,The Langham Melbourne,1 Southgate Avenue Southbank VIC 3006,+6138696888,5,luxury,-37.820578,144.96574
Australia,Melbourne,Crown Towers Melbourne,1 Whiteman Street Southbank VIC 3006,+6139292888,5,luxury,-37.824042,144.960179
Australia,Melbourne,Park Hyatt Melbourne,1 Parliament Place Melbourne VIC 3002,+6139221234,5,luxury,-37.81136,144.975285
Australia,Melbourne,Sofitel Melbourne on Collins,25 Collins Street Melbourne VIC 3000,+6139653300,5,luxury,-37.754826,145.003267
Australia,Melbourne,Four Seasons Hotel Melbourne,11 Collins Street Melbourne VIC 3000,+6139650000,5,luxury,-37.813764,144.973467
Australia,Melbourne,Westin Melbourne,205 Collins Street Melbourne VIC 3000,+6139990000,4,luxury,-37.815833,144.967425
Australia,Melbourne,Adelphi Hotel Melbourne,187 Flinders Lane Melbourne VIC 3000,+6138680700,4,luxury,-37.816214,144.968307
Australia,Melbourne,Hotel Lindrum Melbourne,26 Flinders Street Melbourne VIC 3000,+6139681111,4,luxury,-37.815306,144.973601
Australia,Melbourne,ibis Melbourne City Centre,15-21 Therry Street Melbourne VIC 3000,+6139327540,3,economy,-37.806947,144.961292
Australia,Melbourne,Space Hotel Melbourne,380 Russell Street Melbourne VIC 3000,+6139641922,3,economy,-37.807607,144.966017
Turkey,Istanbul,Four Seasons Hotel Istanbul at Sultanahmet,Tevkifhane Sokak 1 34110 Istanbul Turkey,+9000000000000,5,luxury,41.0082,28.9784
Turkey,Istanbul,Ciragan Palace Kempinski Istanbul,Ciragan Caddesi 32 34349 Istanbul Turkey,+9000000000000,5,luxury,41.047548,29.023367
Turkey,Istanbul,Raffles Istanbul,Zorlu Center Levent 34340 Istanbul Turkey,+9000000000000,5,luxury,41.0082,28.9784
Turkey,Istanbul,The Ritz-Carlton Istanbul,Suzer Plaza Askerocagi Cad 15 34367 Istanbul Turkey,+9000000000000,5,luxury,41.0082,28.9784
Turkey,Istanbul,Mandarin Oriental Bosphorus Istanbul,Salhane Sokak 1 34349 Istanbul Turkey,+9000000000000,5,luxury,41.0082,28.9784
Turkey,Istanbul,Conrad Istanbul Bosphorus,Yildiz Caddesi 06 Besiktas 34349 Istanbul Turkey,+9000000000000,5,luxury,41.050305,29.007807
Turkey,Istanbul,Hilton Istanbul Bomonti,Silahsor Cad 42 34381 Istanbul Turkey,+9000000000000,4,luxury,41.0082,28.9784
Turkey,Istanbul,Swissotel The Bosphorus Istanbul,Bayildim Cad 2 34357 Istanbul Turkey,+9000000000000,4,luxury,41.0082,28.9784
Turkey,Istanbul,Hotel Amira Istanbul,Mimar Mehmet Aga Caddesi 18 34122 Istanbul Turkey,+9000000000000,3,economy,41.005086,28.978978
Turkey,Istanbul,Sultan Hill Hotel,Katip Celebi Cad 7 34410 Istanbul Turkey,+9000000000000,3,economy,41.0082,28.9784
Turkey,Trabzon,Hotel Usta Trabzon,Telefericik Mevkii 61040 Trabzon Turkey,+9000000000000,4,luxury,41.0015,39.7178
Turkey,Trabzon,Trabzon Wyndham Grand Hotel,Iskenderpasa Mah Maras Cad 34 61100 Trabzon Turkey,+9000000000000,4,luxury,41.0015,39.7178
Turkey,Trabzon,Novotel Trabzon,Kuzey Cevre Yolu 61030 Trabzon Turkey,+9000000000000,4,luxury,41.0015,39.7178
Turkey,Trabzon,Hotel Zorlu Grand Trabzon,Gulbahar Hatun Cad 9 61100 Trabzon Turkey,+9000000000000,3,economy,41.0015,39.7178
Turkey,Trabzon,Radisson Blu Hotel Trabzon,Iskenderpasa Mah Comlekci Sok 6 61100 Trabzon Turkey,+9000000000000,4,luxury,41.0015,39.7178
Turkey,Trabzon,Hotel Asya Trabzon,Kahramanmaras Cad 12 61100 Trabzon Turkey,+9000000000000,3,economy,41.0015,39.7178
Turkey,Trabzon,Hamsikoy Hotel,Trabzon-Rize Karayolu 61150 Trabzon Turkey,+9000000000000,3,economy,41.00546,39.730146
Turkey,Trabzon,Hotel Horon Trabzon,Siraagaclar Cad 125 61100 Trabzon Turkey,+9000000000000,3,economy,41.0015,39.7178
Turkey,Trabzon,Atakum Butik Otel Trabzon,Degirmendere Mah 11 61380 Trabzon Turkey,+9000000000000,3,economy,41.0015,39.7178
Turkey,Trabzon,Kaya Hotel Trabzon,Iskenderpasa Mah Kahraman Cad 61100 Trabzon Turkey,+9000000000000,3,economy,41.0015,39.7178
Turkey,Antalya,Titanic Mardan Palace,Lara Altinkum Mevkii 07110 Antalya Turkey,+9000000000000,5,luxury,36.8969,30.7133
Turkey,Antalya,Rixos Premium Belek,Belek Turizm Merkezi 07500 Antalya Turkey,+9000000000000,5,luxury,36.87179,30.986084
Turkey,Antalya,Gloria Golf Resort,Asagikaragoz Koyu Belek 07500 Antalya Turkey,+9000000000000,5,luxury,36.8969,30.7133
Turkey,Antalya,Calista Luxury Resort,Belek Tourism Center 07500 Antalya Turkey,+9000000000000,5,luxury,36.8969,30.7133
Turkey,Antalya,Maxx Royal Belek Golf Resort,Belek Tourism Center 07500 Antalya Turkey,+9000000000000,5,luxury,36.8969,30.7133
Turkey,Antalya,Regnum Carya Golf Spa Resort,Belek Tourism Centre 07500 Antalya Turkey,+9000000000000,5,luxury,36.8969,30.7133
Turkey,Antalya,Doubletree by Hilton Antalya,Kazim Ozalp Caddesi 30 07100 Antalya Turkey,+9000000000000,4,luxury,36.889256,30.704658
Turkey,Antalya,Dedeman Antalya Hotel,Lara Caddesi 88 07100 Antalya Turkey,+9000000000000,4,luxury,36.856174,30.742925
Turkey,Antalya,Hotel Su Antalya,Lara Caddesi 16 07100 Antalya Turkey,+9000000000000,3,economy,36.856174,30.742925
Turkey,Antalya,Sherwood Dreams Resort,Lara Turizm Merkezi 07110 Antalya Turkey,+9000000000000,3,economy,36.856745,30.892135
Morocco,Marrakech,La Mamounia Hotel,Avenue Bab Jdid 40040 Marrakech Morocco,+213000000000,5,luxury,31.6295,-7.9811
Morocco,Marrakech,Mandarin Oriental Marrakech,Route du Golf Amelkis 40000 Marrakech Morocco,+213000000000,5,luxury,31.6295,-7.9811
Morocco,Marrakech,Royal Mansour Marrakech,Rue Abou Abbas El Sebti 40000 Marrakech Morocco,+213000000000,5,luxury,31.6295,-7.9811
Morocco,Marrakech,Amanjena Marrakech,Route de Ouarzazate Km 12 40000 Marrakech Morocco,+213000000000,5,luxury,31.6295,-7.9811
Morocco,Marrakech,Four Seasons Resort Marrakech,1 Boulevard de la Menara 40000 Marrakech Morocco,+213000000000,5,luxury,31.63771,-8.057927
Morocco,Marrakech,Es Saadi Marrakech Resort,Rue Ibrahim El Mazini 40000 Marrakech Morocco,+213000000000,4,luxury,31.622497,-8.003913
Morocco,Marrakech,Kenzi Farah Hotel,Avenue President Kennedy 40000 Marrakech Morocco,+213000000000,4,luxury,31.625784,-8.009682
Morocco,Marrakech,Sofitel Marrakech Lounge Spa,Rue Harroun Errachid 40000 Marrakech Morocco,+213000000000,4,luxury,31.6295,-7.9811
Morocco,Marrakech,Hotel du Tresor Marrakech,77 Derb El Ferrane Riad Zitoun Kdim 40000 Marrakech Morocco,+213000000000,3,economy,31.6295,-7.9811
Morocco,Marrakech,Riad Farhan,57 Derb Sidi Ahmed Ou Moussa 40000 Marrakech Morocco,+213000000000,3,economy,31.632414,-7.996131
Morocco,Casablanca,Hyatt Regency Casablanca,Place des Nations Unies 20000 Casablanca Morocco,+213000000000,5,luxury,33.594996,-7.618664
Morocco,Casablanca,Four Seasons Hotel Casablanca,Boulevard de la Corniche 20100 Casablanca Morocco,+213000000000,5,luxury,33.603853,-7.639701
Morocco,Casablanca,Sofitel Casablanca Tour Blanche,Rond-point Hassan II 20000 Casablanca Morocco,+213000000000,5,luxury,33.5731,-7.5898
Morocco,Casablanca,Kenzi Tower Hotel,Boulevard Mohammed Zerktouni 20000 Casablanca Morocco,+213000000000,4,luxury,33.5731,-7.5898
Morocco,Casablanca,Movenpick Hotel Casablanca,Boulevard de la Corniche 20100 Casablanca Morocco,+213000000000,4,luxury,33.603853,-7.639701
Morocco,Casablanca,Hotel Le Doge Casablanca,9 Rue Docteur Veyre 20000 Casablanca Morocco,+213000000000,4,luxury,33.592566,-7.623183
Morocco,Casablanca,Hotel Transatlantique Casablanca,79 Rue Chaoui 20000 Casablanca Morocco,+213000000000,4,luxury,33.57508,-7.608461
Morocco,Casablanca,Ibis Casablanca City Center,25 Boulevard Mohammed Zerktouni 20000 Casablanca Morocco,+213000000000,3,economy,33.5731,-7.5898
Morocco,Casablanca,Hotel Guynemer Casablanca,2 Rue Mohammed Belloul 20000 Casablanca Morocco,+213000000000,3,economy,33.5731,-7.5898
Morocco,Casablanca,Hotel Suisse Casablanca,5 Rue Sidi Belyout 20000 Casablanca Morocco,+213000000000,3,economy,33.586745,-7.616596
Spain,Valencia,Hotel Vincci Lys,Carrer de Martínez Cubells 5 Ciutat Vella 46002 Valencia Spain,+34963509550,4,luxury,39.4684,-0.374762
Spain,Valencia,Sweet Hotel Renasa,Av. de Catalunya 5 El Pla del Real 46010 Valencia Spain,+34963692450,3,economy,39.477286,-0.355488
Canada,Toronto,Toronto Little Italy Guest House,241 Euclid Avenue M6J 2K1 Toronto Canada,+14372641603,3,economy,43.65237,-79.40984
Canada,Toronto,Pantages Hotel Downtown Toronto,200 Victoria St Toronto ON M5B 2R3 Canada,+14163621777,5,luxury,43.65443,-79.379164
Canada,Toronto,InterContinental Toronto Centre by IHG,225 Front St W Toronto ON M5V 2X3 Canada,+14165971400,5,luxury,43.644181,-79.385303
Canada,Toronto,Toronto Travellers Home,588 Dundas St W Toronto ON M5T 1H5 Canada,+14375620526,3,economy,43.65261,-79.40081
South Africa,Cape Town,Hyatt Regency Cape Town,126 Buitengracht St City Centre Cape Town 8000 South Africa,+27212141234,5,luxury,-33.921322,18.415741
South Africa,Cape Town,Mojo Hotel,30 Regent Rd Sea Point Cape Town 8060 South Africa,+27879407474,3,economy,-33.919393,18.38551
India,Kotakkal,The Rubis Kottakkal,Arya Vaidya Sala road junction Main Road Kottakkal Kerala 676503 India,+918944000000,5,Luxury,11.0014733,76.0043561
Switzerland,Interlaken,The Hey Hotel,Höheweg 7 3800 Interlaken Switzerland,+41338278787,4,Luxury,46.6853143,7.8548944
UAE,Dubai,Grand Hyatt Dubai,Riyadh Street Sheikh Rashid Rd Dubai United Arab Emirates,+971 4 317 1234,5,Luxuy,25.2281408,55.3279029

